timestamp,elapsed_min,gc_collected_gen0,gc_collected_gen1,gc_collected_gen2,gc_uncollectable_gen0,gc_uncollectable_gen1,gc_uncollectable_gen2,gc_collections_gen0,gc_collections_gen1,gc_collections_gen2,process_rss_bytes,process_vm_bytes,process_cpu_seconds,open_fds,ccx_received,ccx_failures_ocp,ccx_processed_ocp,ccx_published_ocp,broker_instances,broker_exceptions,broker_tracebacks
2026-04-01 13:23:48,0,1530.0,837.0,57.0,0.0,0.0,0.0,192.0,17.0,1.0,7.5669504e+07,1.153294336e+09,0.8300000000000001,28.0,0.0,0.0,0.0,0.0,0.0,0.0,0.0
2026-04-01 13:24:00,0,1530.0,837.0,57.0,0.0,0.0,0.0,192.0,17.0,1.0,7.5669504e+07,1.153294336e+09,0.8400000000000001,28.0,0.0,0.0,0.0,0.0,0.0,0.0,0.0
2026-04-01 13:24:12,0,1530.0,837.0,57.0,0.0,0.0,0.0,192.0,17.0,1.0,7.5669504e+07,1.153294336e+09,0.8500000000000001,28.0,0.0,0.0,0.0,0.0,0.0,0.0,0.0
2026-04-01 13:24:24,0,1530.0,837.0,57.0,0.0,0.0,0.0,192.0,17.0,1.0,7.5669504e+07,1.153294336e+09,0.8700000000000001,28.0,0.0,0.0,0.0,0.0,0.0,0.0,0.0
2026-04-01 13:24:36,0,1530.0,837.0,57.0,0.0,0.0,0.0,192.0,17.0,1.0,7.5669504e+07,1.153294336e+09,0.8799999999999999,28.0,0.0,0.0,0.0,0.0,0.0,0.0,0.0
2026-04-01 13:24:48,1,1530.0,837.0,57.0,0.0,0.0,0.0,192.0,17.0,1.0,7.5800576e+07,1.153294336e+09,0.8799999999999999,28.0,0.0,0.0,0.0,0.0,0.0,0.0,0.0
2026-04-01 13:25:00,1,1530.0,837.0,57.0,0.0,0.0,0.0,192.0,17.0,1.0,7.5800576e+07,1.153294336e+09,0.8999999999999999,28.0,0.0,0.0,0.0,0.0,0.0,0.0,0.0
2026-04-01 13:25:11,1,1530.0,837.0,57.0,0.0,0.0,0.0,192.0,17.0,1.0,7.5931648e+07,1.153294336e+09,0.9099999999999999,28.0,0.0,0.0,0.0,0.0,0.0,0.0,0.0
2026-04-01 13:25:23,1,1530.0,837.0,57.0,0.0,0.0,0.0,192.0,17.0,1.0,7.5931648e+07,1.153294336e+09,0.9199999999999999,28.0,0.0,0.0,0.0,0.0,0.0,0.0,0.0
2026-04-01 13:25:35,1,1530.0,837.0,57.0,0.0,0.0,0.0,192.0,17.0,1.0,7.606272e+07,1.153294336e+09,0.9299999999999999,28.0,0.0,0.0,0.0,0.0,0.0,0.0,0.0
2026-04-01 13:25:47,1,1530.0,837.0,57.0,0.0,0.0,0.0,192.0,17.0,1.0,7.606272e+07,1.153294336e+09,0.95,28.0,0.0,0.0,0.0,0.0,0.0,0.0,0.0
2026-04-01 13:25:59,2,1530.0,837.0,57.0,0.0,0.0,0.0,192.0,17.0,1.0,7.606272e+07,1.153294336e+09,0.96,28.0,0.0,0.0,0.0,0.0,0.0,0.0,0.0
2026-04-01 13:26:11,2,1530.0,837.0,57.0,0.0,0.0,0.0,192.0,17.0,1.0,7.606272e+07,1.153294336e+09,0.99,28.0,0.0,0.0,0.0,0.0,0.0,0.0,0.0
2026-04-01 13:26:22,2,1530.0,837.0,57.0,0.0,0.0,0.0,192.0,17.0,1.0,7.606272e+07,1.153294336e+09,0.99,28.0,0.0,0.0,0.0,0.0,0.0,0.0,0.0
2026-04-01 13:26:34,2,1530.0,837.0,57.0,0.0,0.0,0.0,192.0,17.0,1.0,7.606272e+07,1.153294336e+09,1.01,28.0,0.0,0.0,0.0,0.0,0.0,0.0,0.0
2026-04-01 13:26:46,2,1530.0,837.0,57.0,0.0,0.0,0.0,192.0,17.0,1.0,7.606272e+07,1.153294336e+09,1.03,28.0,0.0,0.0,0.0,0.0,0.0,0.0,0.0
2026-04-01 13:26:58,3,1530.0,837.0,57.0,0.0,0.0,0.0,192.0,17.0,1.0,7.606272e+07,1.153294336e+09,1.05,28.0,0.0,0.0,0.0,0.0,0.0,0.0,0.0
2026-04-01 13:27:10,3,5707.0,230942.0,61628.0,0.0,0.0,0.0,597.0,54.0,4.0,1.05025536e+08,1.247408128e+09,10.3,35.0,120.0,0.0,119.0,119.0,1.0,0.0,0.0
2026-04-01 13:27:22,3,10165.0,477082.0,184616.0,0.0,0.0,0.0,983.0,89.0,8.0,1.05418752e+08,1.247408128e+09,20.560000000000002,30.0,250.0,0.0,249.0,249.0,1.0,0.0,0.0
2026-04-01 13:27:34,3,14114.0,696519.0,248814.0,0.0,0.0,0.0,1325.0,120.0,10.0,1.06074112e+08,1.247576064e+09,31.11,35.0,364.0,0.0,363.0,363.0,1.0,0.0,0.0
2026-04-01 13:27:47,3,18031.0,924092.0,342410.0,0.0,0.0,0.0,1674.0,152.0,13.0,1.06467328e+08,1.247576064e+09,41.7,29.0,482.0,0.0,481.0,481.0,1.0,0.0,0.0
2026-04-01 13:27:59,4,22235.0,1.15149e+06,433296.0,0.0,0.0,0.0,2033.0,184.0,16.0,1.065984e+08,1.247576064e+09,52.14,30.0,601.0,0.0,600.0,600.0,1.0,0.0,0.0
2026-04-01 13:28:12,4,26522.0,1.392379e+06,529564.0,0.0,0.0,0.0,2407.0,218.0,19.0,1.07122688e+08,1.247576064e+09,62.48,30.0,727.0,0.0,726.0,726.0,1.0,0.0,0.0
2026-04-01 13:28:24,4,30721.0,1.627828e+06,620450.0,0.0,0.0,0.0,2770.0,251.0,22.0,1.0725376e+08,1.247576064e+09,73.05,29.0,849.0,0.0,848.0,848.0,1.0,0.0,0.0
2026-04-01 13:28:37,4,34989.0,1.868688e+06,716750.0,0.0,0.0,0.0,3145.0,285.0,25.0,1.08040192e+08,1.247576064e+09,83.49,30.0,974.0,0.0,973.0,973.0,1.0,0.0,0.0
2026-04-01 13:28:49,5,39034.0,2.101535e+06,810308.0,0.0,0.0,0.0,3498.0,318.0,28.0,1.08171264e+08,1.247576064e+09,94.0,31.0,1093.0,0.0,1092.0,1092.0,1.0,0.0,0.0
2026-04-01 13:29:02,5,43041.0,2.320984e+06,903904.0,0.0,0.0,0.0,3849.0,349.0,31.0,1.08302336e+08,1.247576064e+09,104.58,30.0,1210.0,0.0,1209.0,1209.0,1.0,0.0,0.0
2026-04-01 13:29:14,5,47230.0,2.553767e+06,994790.0,0.0,0.0,0.0,4208.0,382.0,34.0,1.08826624e+08,1.247576064e+09,115.21,29.0,1331.0,0.0,1330.0,1330.0,1.0,0.0,0.0
2026-04-01 13:29:27,5,51417.0,2.78926e+06,1.091058e+06,0.0,0.0,0.0,4571.0,415.0,37.0,1.0921984e+08,1.247576064e+09,125.67,31.0,1452.0,0.0,1451.0,1451.0,1.0,0.0,0.0
2026-04-01 13:29:39,5,55671.0,3.030114e+06,1.184648e+06,0.0,0.0,0.0,4939.0,449.0,40.0,1.09613056e+08,1.247576064e+09,136.16,30.0,1576.0,0.0,1575.0,1575.0,1.0,0.0,0.0
2026-04-01 13:29:52,6,59827.0,3.260234e+06,1.248814e+06,0.0,0.0,0.0,5295.0,481.0,42.0,1.10006272e+08,1.247576064e+09,146.67999999999998,29.0,1696.0,0.0,1695.0,1695.0,1.0,0.0,0.0
2026-04-01 13:30:04,6,63907.0,3.495837e+06,1.342404e+06,0.0,0.0,0.0,5657.0,514.0,45.0,1.10399488e+08,1.247576064e+09,157.23,30.0,1817.0,0.0,1816.0,1816.0,1.0,0.0,0.0
2026-04-01 13:30:17,6,67994.0,3.720665e+06,1.441344e+06,0.0,0.0,0.0,6014.0,546.0,48.0,1.10661632e+08,1.247576064e+09,167.71,30.0,1937.0,0.0,1936.0,1936.0,1.0,0.0,0.0
2026-04-01 13:30:29,6,72058.0,3.948089e+06,1.53223e+06,0.0,0.0,0.0,6363.0,578.0,51.0,1.1118592e+08,1.247576064e+09,178.32,30.0,2054.0,0.0,2053.0,2053.0,1.0,0.0,0.0
2026-04-01 13:30:42,6,76113.0,4.180936e+06,1.631202e+06,0.0,0.0,0.0,6721.0,611.0,54.0,1.11316992e+08,1.247576064e+09,188.7,30.0,2174.0,0.0,2173.0,2173.0,1.0,0.0,0.0
2026-04-01 13:30:54,7,80076.0,4.400379e+06,1.695368e+06,0.0,0.0,0.0,7064.0,642.0,56.0,1.1184128e+08,1.247576064e+09,199.17,30.0,2289.0,0.0,2288.0,2288.0,1.0,0.0,0.0
2026-04-01 13:31:07,7,83950.0,4.614487e+06,1.788926e+06,0.0,0.0,0.0,7402.0,672.0,59.0,1.12365568e+08,1.247576064e+09,209.62,30.0,2402.0,0.0,2401.0,2401.0,1.0,0.0,0.0
2026-04-01 13:31:19,7,87794.0,4.833933e+06,1.882516e+06,0.0,0.0,0.0,7736.0,703.0,62.0,1.12627712e+08,1.247576064e+09,220.28,30.0,2514.0,0.0,2513.0,2513.0,1.0,0.0,0.0
2026-04-01 13:31:32,7,91584.0,5.042723e+06,1.94672e+06,0.0,0.0,0.0,8073.0,733.0,64.0,1.12758784e+08,1.247576064e+09,230.85999999999999,30.0,2627.0,0.0,2626.0,2626.0,1.0,0.0,0.0
2026-04-01 13:31:45,7,95445.0,5.254092e+06,2.037606e+06,0.0,0.0,0.0,8400.0,763.0,67.0,1.13152e+08,1.247576064e+09,241.59,30.0,2736.0,0.0,2735.0,2735.0,1.0,0.0,0.0
2026-04-01 13:31:57,8,99257.0,5.47093e+06,2.131202e+06,0.0,0.0,0.0,8740.0,794.0,70.0,1.13414144e+08,1.247576064e+09,252.32,30.0,2850.0,0.0,2849.0,2849.0,1.0,0.0,0.0
2026-04-01 13:32:10,8,103425.0,5.69565e+06,2.224766e+06,0.0,0.0,0.0,9092.0,826.0,73.0,1.1380736e+08,1.247576064e+09,263.04,35.0,2967.0,0.0,2966.0,2966.0,1.0,0.0,0.0
2026-04-01 13:32:22,8,107311.0,5.923208e+06,2.318356e+06,0.0,0.0,0.0,9438.0,858.0,76.0,1.14200576e+08,1.247576064e+09,273.64,31.0,3083.0,0.0,3082.0,3082.0,1.0,0.0,0.0
2026-04-01 13:32:35,8,111264.0,6.145341e+06,2.382522e+06,0.0,0.0,0.0,9779.0,889.0,78.0,1.14593792e+08,1.247576064e+09,284.15999999999997,30.0,3198.0,0.0,3197.0,3197.0,1.0,0.0,0.0
2026-04-01 13:32:47,8,115499.0,6.378226e+06,2.476118e+06,0.0,0.0,0.0,10153.0,922.0,81.0,1.14593792e+08,1.247576064e+09,294.58,30.0,3323.0,0.0,3322.0,3322.0,1.0,0.0,0.0
2026-04-01 13:33:00,9,119466.0,6.605659e+06,2.567004e+06,0.0,0.0,0.0,10494.0,954.0,84.0,1.15380224e+08,1.247576064e+09,305.26000000000005,29.0,3438.0,0.0,3437.0,3437.0,1.0,0.0,0.0
2026-04-01 13:33:12,9,123759.0,6.838448e+06,2.663272e+06,0.0,0.0,0.0,10862.0,987.0,87.0,1.1577344e+08,1.247576064e+09,315.78000000000003,33.0,3561.0,0.0,3560.0,3560.0,1.0,0.0,0.0
2026-04-01 13:33:25,9,127981.0,7.079366e+06,2.754158e+06,0.0,0.0,0.0,11233.0,1021.0,90.0,1.16035584e+08,1.247576064e+09,326.23,29.0,3686.0,0.0,3685.0,3685.0,1.0,0.0,0.0
2026-04-01 13:33:37,9,132057.0,7.304124e+06,2.850394e+06,0.0,0.0,0.0,11583.0,1053.0,93.0,1.164288e+08,1.247576064e+09,336.73,30.0,3802.0,0.0,3801.0,3801.0,1.0,0.0,0.0
2026-04-01 13:33:50,10,135992.0,7.518223e+06,2.94128e+06,0.0,0.0,0.0,11924.0,1083.0,96.0,1.17252096e+08,1.248350208e+09,347.6,30.0,3916.0,0.0,3915.0,3915.0,1.0,0.0,0.0
2026-04-01 13:34:03,10,139881.0,7.748488e+06,3.037542e+06,0.0,0.0,0.0,12270.0,1115.0,99.0,1.17645312e+08,1.248534528e+09,358.25,30.0,4033.0,0.0,4032.0,4032.0,1.0,0.0,0.0
2026-04-01 13:34:15,10,144050.0,7.978663e+06,3.12846e+06,0.0,0.0,0.0,12637.0,1148.0,102.0,1.181696e+08,1.248534528e+09,368.85,30.0,4155.0,0.0,4154.0,4154.0,1.0,0.0,0.0
2026-04-01 13:34:28,10,148301.0,8.22223e+06,3.192658e+06,0.0,0.0,0.0,13010.0,1182.0,104.0,1.18693888e+08,1.248534528e+09,379.39,30.0,4280.0,0.0,4279.0,4279.0,1.0,0.0,0.0
2026-04-01 13:34:40,10,152195.0,8.438937e+06,3.29163e+06,0.0,0.0,0.0,13348.0,1213.0,107.0,1.1882496e+08,1.248534528e+09,390.03000000000003,30.0,4394.0,0.0,4393.0,4393.0,1.0,0.0,0.0
2026-04-01 13:34:53,11,156676.0,8.695916e+06,3.382516e+06,0.0,0.0,0.0,13742.0,1249.0,110.0,1.1948032e+08,1.248534528e+09,400.46000000000004,31.0,4526.0,0.0,4525.0,4525.0,1.0,0.0,0.0
2026-04-01 13:35:06,11,160988.0,8.939448e+06,3.478784e+06,0.0,0.0,0.0,14115.0,1283.0,113.0,1.19611392e+08,1.248534528e+09,411.03000000000003,30.0,4652.0,0.0,4651.0,4651.0,1.0,0.0,0.0
2026-04-01 13:35:18,11,165183.0,9.172289e+06,3.572374e+06,0.0,0.0,0.0,14482.0,1316.0,116.0,1.19742464e+08,1.248534528e+09,421.64,35.0,4774.0,0.0,4773.0,4773.0,1.0,0.0,0.0
2026-04-01 13:35:31,11,169294.0,9.41057e+06,3.66597e+06,0.0,0.0,0.0,14851.0,1350.0,119.0,1.20397824e+08,1.248534528e+09,432.15000000000003,35.0,4897.0,0.0,4896.0,4896.0,1.0,0.0,0.0
2026-04-01 13:35:43,11,173566.0,9.64613e+06,3.759566e+06,0.0,0.0,0.0,15229.0,1384.0,122.0,1.20528896e+08,1.248534528e+09,442.65000000000003,29.0,5024.0,0.0,5023.0,5023.0,1.0,0.0,0.0
2026-04-01 13:35:56,12,177913.0,9.892401e+06,3.885258e+06,0.0,0.0,0.0,15618.0,1419.0,126.0,1.20922112e+08,1.248534528e+09,453.13,31.0,5152.0,0.0,5151.0,5151.0,1.0,0.0,0.0
2026-04-01 13:36:09,12,182092.0,1.013065e+07,3.981526e+06,0.0,0.0,0.0,15988.0,1453.0,129.0,1.21315328e+08,1.248534528e+09,463.53999999999996,30.0,5276.0,0.0,5275.0,5275.0,1.0,0.0,0.0
2026-04-01 13:36:21,12,186324.0,1.0363485e+07,4.045724e+06,0.0,0.0,0.0,16356.0,1486.0,131.0,1.214464e+08,1.248534528e+09,474.23,31.0,5399.0,0.0,5398.0,5398.0,1.0,0.0,0.0
2026-04-01 13:36:34,12,190460.0,1.0593549e+07,4.136578e+06,0.0,0.0,0.0,16703.0,1518.0,134.0,1.21708544e+08,1.248534528e+09,484.74,30.0,5516.0,0.0,5515.0,5515.0,1.0,0.0,0.0
2026-04-01 13:36:46,12,194684.0,1.0826297e+07,4.232846e+06,0.0,0.0,0.0,17065.0,1551.0,137.0,1.22232832e+08,1.248534528e+09,495.2,29.0,5638.0,0.0,5637.0,5637.0,1.0,0.0,0.0
2026-04-01 13:36:59,13,198896.0,1.1061807e+07,4.323764e+06,0.0,0.0,0.0,17432.0,1584.0,140.0,1.22363904e+08,1.248534528e+09,505.61,30.0,5761.0,0.0,5760.0,5760.0,1.0,0.0,0.0
2026-04-01 13:37:11,13,202915.0,1.1286635e+07,4.422704e+06,0.0,0.0,0.0,17787.0,1616.0,143.0,1.22888192e+08,1.248534528e+09,516.02,31.0,5879.0,0.0,5878.0,5878.0,1.0,0.0,0.0
2026-04-01 13:37:24,13,207011.0,1.1514088e+07,4.51359e+06,0.0,0.0,0.0,18139.0,1648.0,146.0,1.2341248e+08,1.248534528e+09,526.67,30.0,5998.0,0.0,5997.0,5997.0,1.0,0.0,0.0
2026-04-01 13:37:37,13,211185.0,1.1754971e+07,4.60718e+06,0.0,0.0,0.0,18507.0,1682.0,149.0,1.23805696e+08,1.248534528e+09,537.1,30.0,6121.0,0.0,6120.0,6120.0,1.0,0.0,0.0
2026-04-01 13:37:49,14,215580.0,1.2001172e+07,4.70612e+06,0.0,0.0,0.0,18889.0,1717.0,152.0,1.2406784e+08,1.248534528e+09,547.5699999999999,35.0,6249.0,0.0,6248.0,6248.0,1.0,0.0,0.0
2026-04-01 13:38:02,14,219675.0,1.2225889e+07,4.796974e+06,0.0,0.0,0.0,19233.0,1748.0,155.0,1.24461056e+08,1.248534528e+09,558.03,31.0,6365.0,0.0,6364.0,6364.0,1.0,0.0,0.0
2026-04-01 13:38:14,14,223812.0,1.2445233e+07,4.858468e+06,0.0,0.0,0.0,19580.0,1779.0,157.0,1.24854272e+08,1.248534528e+09,568.73,30.0,6481.0,0.0,6480.0,6480.0,1.0,0.0,0.0
2026-04-01 13:38:27,14,227935.0,1.2678036e+07,4.954736e+06,0.0,0.0,0.0,19937.0,1812.0,160.0,1.24985344e+08,1.248534528e+09,579.36,30.0,6601.0,0.0,6600.0,6600.0,1.0,0.0,0.0
2026-04-01 13:38:40,14,232255.0,1.2918861e+07,5.048294e+06,0.0,0.0,0.0,20310.0,1846.0,163.0,1.2537856e+08,1.248534528e+09,589.8100000000001,30.0,6726.0,0.0,6725.0,6725.0,1.0,0.0,0.0
2026-04-01 13:38:52,15,236437.0,1.3148937e+07,5.14189e+06,0.0,0.0,0.0,20671.0,1879.0,166.0,1.2537856e+08,1.248534528e+09,600.3299999999999,30.0,6846.0,0.0,6845.0,6845.0,1.0,0.0,0.0
2026-04-01 13:39:05,15,240627.0,1.3381865e+07,5.238126e+06,0.0,0.0,0.0,21042.0,1912.0,169.0,1.26164992e+08,1.248534528e+09,610.87,35.0,6970.0,0.0,6969.0,6969.0,1.0,0.0,0.0
2026-04-01 13:39:18,15,244577.0,1.3609359e+07,5.331716e+06,0.0,0.0,0.0,21387.0,1944.0,172.0,1.26427136e+08,1.248534528e+09,621.4100000000001,31.0,7086.0,0.0,7085.0,7085.0,1.0,0.0,0.0
2026-04-01 13:39:30,15,248848.0,1.3842133e+07,5.427952e+06,0.0,0.0,0.0,21752.0,1977.0,175.0,1.26820352e+08,1.248534528e+09,631.84,30.0,7209.0,0.0,7208.0,7208.0,1.0,0.0,0.0
2026-04-01 13:39:43,15,252654.0,1.4056235e+07,5.521542e+06,0.0,0.0,0.0,22085.0,2007.0,178.0,1.27082496e+08,1.248534528e+09,642.47,30.0,7320.0,0.0,7319.0,7319.0,1.0,0.0,0.0
2026-04-01 13:39:55,16,256901.0,1.4299834e+07,5.61781e+06,0.0,0.0,0.0,22462.0,2042.0,181.0,1.2734464e+08,1.248534528e+09,652.93,30.0,7446.0,0.0,7445.0,7445.0,1.0,0.0,0.0
2026-04-01 13:40:08,16,260856.0,1.4519353e+07,5.682008e+06,0.0,0.0,0.0,22809.0,2073.0,183.0,1.27868928e+08,1.248534528e+09,663.4000000000001,30.0,7563.0,0.0,7562.0,7562.0,1.0,0.0,0.0
2026-04-01 13:40:20,16,265188.0,1.4768273e+07,5.772894e+06,0.0,0.0,0.0,23188.0,2108.0,186.0,1.28e+08,1.248534528e+09,673.8399999999999,30.0,7690.0,0.0,7689.0,7689.0,1.0,0.0,0.0
2026-04-01 13:40:33,16,269307.0,1.4993092e+07,5.869194e+06,0.0,0.0,0.0,23549.0,2140.0,189.0,1.28524288e+08,1.248534528e+09,684.26,30.0,7811.0,0.0,7810.0,7810.0,1.0,0.0,0.0
2026-04-01 13:40:46,16,273427.0,1.5220548e+07,5.96008e+06,0.0,0.0,0.0,23901.0,2172.0,192.0,1.29048576e+08,1.248534528e+09,694.91,30.0,7929.0,0.0,7928.0,7928.0,1.0,0.0,0.0
2026-04-01 13:40:58,17,277391.0,1.5445274e+07,6.05902e+06,0.0,0.0,0.0,24244.0,2204.0,195.0,1.29441792e+08,1.248534528e+09,705.3199999999999,29.0,8044.0,0.0,8043.0,8043.0,1.0,0.0,0.0
2026-04-01 13:41:11,17,281459.0,1.5667354e+07,6.149906e+06,0.0,0.0,0.0,24591.0,2235.0,198.0,1.29703936e+08,1.248534528e+09,715.83,31.0,8160.0,0.0,8159.0,8159.0,1.0,0.0,0.0
2026-04-01 13:41:23,17,285735.0,1.5900134e+07,6.246142e+06,0.0,0.0,0.0,24956.0,2268.0,201.0,1.30097152e+08,1.248534528e+09,726.35,31.0,8282.0,0.0,8281.0,8281.0,1.0,0.0,0.0
2026-04-01 13:41:36,17,290076.0,1.614095e+07,6.339732e+06,0.0,0.0,0.0,25326.0,2302.0,204.0,1.30228224e+08,1.248534528e+09,736.7900000000001,30.0,8407.0,0.0,8406.0,8406.0,1.0,0.0,0.0
2026-04-01 13:41:48,18,294177.0,1.6373852e+07,6.435968e+06,0.0,0.0,0.0,25688.0,2335.0,207.0,1.30490368e+08,1.248534528e+09,747.23,30.0,8528.0,0.0,8527.0,8527.0,1.0,0.0,0.0
2026-04-01 13:42:01,18,298037.0,1.6587945e+07,6.500166e+06,0.0,0.0,0.0,26023.0,2365.0,209.0,1.31014656e+08,1.248534528e+09,757.7299999999999,29.0,8641.0,0.0,8640.0,8640.0,1.0,0.0,0.0
2026-04-01 13:42:13,18,301944.0,1.680735e+07,6.591052e+06,0.0,0.0,0.0,26359.0,2396.0,212.0,1.31145728e+08,1.248534528e+09,768.37,31.0,8753.0,0.0,8752.0,8752.0,1.0,0.0,0.0
2026-04-01 13:42:26,18,306118.0,1.7032102e+07,6.687288e+06,0.0,0.0,0.0,26714.0,2428.0,215.0,1.31407872e+08,1.248534528e+09,778.78,35.0,8872.0,0.0,8871.0,8871.0,1.0,0.0,0.0
2026-04-01 13:42:39,18,310185.0,1.7275797e+07,6.78091e+06,0.0,0.0,0.0,27083.0,2462.0,218.0,1.3193216e+08,1.248534528e+09,789.2900000000001,30.0,8996.0,0.0,8995.0,8995.0,1.0,0.0,0.0
2026-04-01 13:42:51,19,314156.0,1.749253e+07,6.877178e+06,0.0,0.0,0.0,27425.0,2493.0,221.0,1.32456448e+08,1.248534528e+09,799.9,35.0,9111.0,0.0,9110.0,9110.0,1.0,0.0,0.0
2026-04-01 13:43:04,19,318273.0,1.772804e+07,6.938704e+06,0.0,0.0,0.0,27786.0,2526.0,223.0,1.32718592e+08,1.248534528e+09,810.33,30.0,9233.0,0.0,9232.0,9232.0,1.0,0.0,0.0
2026-04-01 13:43:16,19,322535.0,1.796084e+07,7.064364e+06,0.0,0.0,0.0,28152.0,2559.0,227.0,1.33111808e+08,1.248534528e+09,820.91,30.0,9355.0,0.0,9354.0,9354.0,1.0,0.0,0.0
2026-04-01 13:43:29,19,326775.0,1.8196315e+07,7.12853e+06,0.0,0.0,0.0,28515.0,2592.0,229.0,1.33373952e+08,1.248534528e+09,831.51,35.0,9477.0,0.0,9476.0,9476.0,1.0,0.0,0.0
2026-04-01 13:43:42,19,330703.0,1.8413057e+07,7.22747e+06,0.0,0.0,0.0,28854.0,2623.0,232.0,1.33636096e+08,1.248534528e+09,841.99,30.0,9591.0,0.0,9590.0,9590.0,1.0,0.0,0.0
2026-04-01 13:43:54,20,334568.0,1.8627156e+07,7.318356e+06,0.0,0.0,0.0,29194.0,2653.0,235.0,1.34029312e+08,1.248534528e+09,852.64,35.0,9704.0,0.0,9703.0,9703.0,1.0,0.0,0.0
2026-04-01 13:44:07,20,338815.0,1.8859831e+07,7.414592e+06,0.0,0.0,0.0,29550.0,2686.0,238.0,1.34291456e+08,1.248534528e+09,863.15,29.0,9825.0,0.0,9824.0,9824.0,1.0,0.0,0.0
2026-04-01 13:44:19,20,342814.0,1.9079306e+07,7.47879e+06,0.0,0.0,0.0,29897.0,2717.0,240.0,1.34684672e+08,1.248534528e+09,873.7,29.0,9941.0,0.0,9940.0,9940.0,1.0,0.0,0.0
2026-04-01 13:44:32,20,346898.0,1.9314778e+07,7.572348e+06,0.0,0.0,0.0,30250.0,2750.0,243.0,1.3520896e+08,1.248534528e+09,884.28,30.0,10059.0,0.0,10058.0,10058.0,1.0,0.0,0.0
2026-04-01 13:44:45,20,350672.0,1.9526272e+07,7.671288e+06,0.0,0.0,0.0,30583.0,2780.0,246.0,1.35340032e+08,1.248534528e+09,894.89,30.0,10171.0,0.0,10170.0,10170.0,1.0,0.0,0.0
2026-04-01 13:44:57,21,354890.0,1.9759026e+07,7.764878e+06,0.0,0.0,0.0,30945.0,2813.0,249.0,1.3586432e+08,1.248534528e+09,905.4200000000001,35.0,10292.0,0.0,10291.0,10291.0,1.0,0.0,0.0
2026-04-01 13:45:10,21,358752.0,1.9986578e+07,7.8585e+06,0.0,0.0,0.0,31297.0,2845.0,252.0,1.36126464e+08,1.248534528e+09,915.98,29.0,10411.0,0.0,10410.0,10410.0,1.0,0.0,0.0
2026-04-01 13:45:22,21,362992.0,2.0230113e+07,7.919956e+06,0.0,0.0,0.0,31662.0,2878.0,254.0,1.3651968e+08,1.248534528e+09,926.61,29.0,10534.0,0.0,10533.0,10533.0,1.0,0.0,0.0
2026-04-01 13:45:35,21,367162.0,2.0460282e+07,8.016256e+06,0.0,0.0,0.0,32029.0,2911.0,257.0,1.36912896e+08,1.248534528e+09,937.05,29.0,10656.0,0.0,10656.0,10656.0,1.0,0.0,0.0
2026-04-01 13:45:48,22,371041.0,2.0674343e+07,8.107142e+06,0.0,0.0,0.0,32358.0,2941.0,260.0,1.37437184e+08,1.248534528e+09,947.74,30.0,10767.0,0.0,10766.0,10766.0,1.0,0.0,0.0
2026-04-01 13:46:00,22,374850.0,2.0891126e+07,8.20341e+06,0.0,0.0,0.0,32695.0,2972.0,263.0,1.37568256e+08,1.248534528e+09,958.28,31.0,10879.0,0.0,10878.0,10878.0,1.0,0.0,0.0
2026-04-01 13:46:13,22,378986.0,2.1118536e+07,8.294296e+06,0.0,0.0,0.0,33048.0,3004.0,266.0,1.378304e+08,1.248534528e+09,968.9399999999999,31.0,10997.0,0.0,10996.0,10996.0,1.0,0.0,0.0
2026-04-01 13:46:26,22,382814.0,2.1332708e+07,8.35579e+06,0.0,0.0,0.0,33384.0,3034.0,268.0,1.38354688e+08,1.248534528e+09,979.4200000000001,30.0,11110.0,0.0,11109.0,11109.0,1.0,0.0,0.0
2026-04-01 13:46:38,22,386722.0,2.1549447e+07,8.45209e+06,0.0,0.0,0.0,33723.0,3065.0,271.0,1.38616832e+08,1.248534528e+09,989.88,33.0,11224.0,0.0,11223.0,11223.0,1.0,0.0,0.0
2026-04-01 13:46:51,23,390863.0,2.1782291e+07,8.54568e+06,0.0,0.0,0.0,34086.0,3098.0,274.0,1.39010048e+08,1.248534528e+09,1000.37,30.0,11345.0,0.0,11344.0,11344.0,1.0,0.0,0.0
2026-04-01 13:47:03,23,395003.0,2.2017775e+07,8.636566e+06,0.0,0.0,0.0,34445.0,3131.0,277.0,1.39403264e+08,1.248534528e+09,1010.7299999999999,30.0,11466.0,0.0,11465.0,11465.0,1.0,0.0,0.0
2026-04-01 13:47:16,23,399392.0,2.2255966e+07,8.732834e+06,0.0,0.0,0.0,34826.0,3165.0,280.0,1.39534336e+08,1.248534528e+09,1021.17,30.0,11593.0,0.0,11592.0,11592.0,1.0,0.0,0.0
2026-04-01 13:47:28,23,403644.0,2.2502231e+07,8.82643e+06,0.0,0.0,0.0,35201.0,3200.0,283.0,1.39927552e+08,1.248534528e+09,1031.64,30.0,11719.0,0.0,11718.0,11718.0,1.0,0.0,0.0
2026-04-01 13:47:41,23,407624.0,2.2721636e+07,8.92273e+06,0.0,0.0,0.0,35548.0,3231.0,286.0,1.40189696e+08,1.248534528e+09,1042.24,35.0,11835.0,0.0,11834.0,11834.0,1.0,0.0,0.0
2026-04-01 13:47:54,24,411546.0,2.2943815e+07,9.018998e+06,0.0,0.0,0.0,35898.0,3263.0,289.0,1.4045184e+08,1.248534528e+09,1052.76,30.0,11952.0,0.0,11951.0,11951.0,1.0,0.0,0.0
2026-04-01 13:48:06,24,415440.0,2.3165921e+07,9.112588e+06,0.0,0.0,0.0,36234.0,3294.0,292.0,1.40976128e+08,1.248534528e+09,1063.41,29.0,12066.0,0.0,12065.0,12065.0,1.0,0.0,0.0
2026-04-01 13:48:19,24,419589.0,2.3393354e+07,9.176754e+06,0.0,0.0,0.0,36590.0,3326.0,294.0,1.41369344e+08,1.248534528e+09,1073.94,30.0,12185.0,0.0,12184.0,12184.0,1.0,0.0,0.0
2026-04-01 13:48:31,24,423833.0,2.3631554e+07,9.27035e+06,0.0,0.0,0.0,36960.0,3360.0,297.0,1.4176256e+08,1.248534528e+09,1084.45,30.0,12308.0,0.0,12307.0,12307.0,1.0,0.0,0.0
2026-04-01 13:48:44,24,428151.0,2.3858894e+07,9.361236e+06,0.0,0.0,0.0,37323.0,3392.0,300.0,1.42024704e+08,1.248534528e+09,1094.98,35.0,12429.0,0.0,12428.0,12428.0,1.0,0.0,0.0
2026-04-01 13:48:57,25,432176.0,2.4083655e+07,9.454864e+06,0.0,0.0,0.0,37669.0,3424.0,303.0,1.4241792e+08,1.248534528e+09,1105.43,30.0,12546.0,0.0,12545.0,12545.0,1.0,0.0,0.0
2026-04-01 13:49:09,25,436181.0,2.4311143e+07,9.54575e+06,0.0,0.0,0.0,38017.0,3456.0,306.0,1.42680064e+08,1.248534528e+09,1115.9,33.0,12662.0,0.0,12661.0,12661.0,1.0,0.0,0.0
2026-04-01 13:49:22,25,440171.0,2.4527885e+07,9.64469e+06,0.0,0.0,0.0,38362.0,3487.0,309.0,1.42942208e+08,1.248534528e+09,1126.5,30.0,12778.0,0.0,12777.0,12777.0,1.0,0.0,0.0
2026-04-01 13:49:34,25,444185.0,2.4749974e+07,9.738286e+06,0.0,0.0,0.0,38712.0,3519.0,312.0,1.43204352e+08,1.248534528e+09,1137.1000000000001,31.0,12895.0,0.0,12894.0,12894.0,1.0,0.0,0.0
2026-04-01 13:49:47,25,448234.0,2.4974825e+07,9.829204e+06,0.0,0.0,0.0,39070.0,3551.0,315.0,1.43466496e+08,1.248534528e+09,1147.5900000000001,30.0,13014.0,0.0,13013.0,13013.0,1.0,0.0,0.0
2026-04-01 13:50:00,26,452065.0,2.5196946e+07,9.893402e+06,0.0,0.0,0.0,39403.0,3582.0,317.0,1.43990784e+08,1.248534528e+09,1158.1200000000001,30.0,13126.0,0.0,13125.0,13125.0,1.0,0.0,0.0
2026-04-01 13:50:12,26,456160.0,2.5419073e+07,9.98967e+06,0.0,0.0,0.0,39761.0,3614.0,320.0,1.44252928e+08,1.248534528e+09,1168.62,30.0,13245.0,0.0,13244.0,13244.0,1.0,0.0,0.0
2026-04-01 13:50:25,26,460046.0,2.5638528e+07,1.0083266e+07,0.0,0.0,0.0,40102.0,3645.0,323.0,1.44646144e+08,1.248534528e+09,1179.1699999999998,30.0,13359.0,0.0,13358.0,13358.0,1.0,0.0,0.0
2026-04-01 13:50:37,26,463975.0,2.5863385e+07,1.0176862e+07,0.0,0.0,0.0,40453.0,3677.0,326.0,1.44908288e+08,1.248534528e+09,1189.6,31.0,13477.0,0.0,13476.0,13476.0,1.0,0.0,0.0
2026-04-01 13:50:50,27,468091.0,2.6090841e+07,1.0270452e+07,0.0,0.0,0.0,40807.0,3709.0,329.0,1.45432576e+08,1.248534528e+09,1200.17,30.0,13595.0,0.0,13594.0,13594.0,1.0,0.0,0.0
2026-04-01 13:51:03,27,472012.0,2.6312895e+07,1.0331946e+07,0.0,0.0,0.0,41141.0,3740.0,331.0,1.45825792e+08,1.248534528e+09,1210.73,30.0,13708.0,0.0,13707.0,13707.0,1.0,0.0,0.0
2026-04-01 13:51:15,27,476265.0,2.6543038e+07,1.0430918e+07,0.0,0.0,0.0,41512.0,3773.0,334.0,1.46219008e+08,1.248534528e+09,1221.2099999999998,30.0,13831.0,0.0,13830.0,13830.0,1.0,0.0,0.0
2026-04-01 13:51:28,27,480445.0,2.6778554e+07,1.0521804e+07,0.0,0.0,0.0,41871.0,3806.0,337.0,1.46219008e+08,1.248534528e+09,1231.62,33.0,13952.0,0.0,13951.0,13951.0,1.0,0.0,0.0
2026-04-01 13:51:40,27,484741.0,2.7019379e+07,1.0618104e+07,0.0,0.0,0.0,42247.0,3840.0,340.0,1.46743296e+08,1.248534528e+09,1242.07,30.0,14078.0,0.0,14077.0,14077.0,1.0,0.0,0.0
2026-04-01 13:51:53,28,489147.0,2.7262847e+07,1.0708958e+07,0.0,0.0,0.0,42617.0,3874.0,343.0,1.47136512e+08,1.248534528e+09,1252.44,32.0,14203.0,0.0,14202.0,14202.0,1.0,0.0,0.0
2026-04-01 13:52:06,28,492985.0,2.7482293e+07,1.0805258e+07,0.0,0.0,0.0,42959.0,3905.0,346.0,1.47267584e+08,1.248534528e+09,1263.06,31.0,14317.0,0.0,14316.0,14316.0,1.0,0.0,0.0
2026-04-01 13:52:18,28,497131.0,2.7715157e+07,1.0898816e+07,0.0,0.0,0.0,43320.0,3938.0,349.0,1.47791872e+08,1.248534528e+09,1273.55,30.0,14439.0,0.0,14438.0,14438.0,1.0,0.0,0.0
2026-04-01 13:52:31,28,501197.0,2.7939985e+07,1.0995084e+07,0.0,0.0,0.0,43675.0,3970.0,352.0,1.48054016e+08,1.248534528e+09,1283.99,30.0,14557.0,0.0,14556.0,14556.0,1.0,0.0,0.0
2026-04-01 13:52:44,28,505158.0,2.8164842e+07,1.108868e+07,0.0,0.0,0.0,44026.0,4002.0,355.0,1.48447232e+08,1.248534528e+09,1294.41,29.0,14675.0,0.0,14674.0,14674.0,1.0,0.0,0.0
2026-04-01 13:52:56,29,509195.0,2.8392377e+07,1.1152878e+07,0.0,0.0,0.0,44379.0,4034.0,357.0,1.48578304e+08,1.248534528e+09,1304.95,30.0,14793.0,0.0,14792.0,14792.0,1.0,0.0,0.0
2026-04-01 13:53:09,29,513308.0,2.861983e+07,1.1246436e+07,0.0,0.0,0.0,44735.0,4066.0,360.0,1.48709376e+08,1.248534528e+09,1315.49,35.0,14913.0,0.0,14912.0,14912.0,1.0,0.0,0.0
2026-04-01 13:53:21,29,517584.0,2.8855314e+07,1.1339968e+07,0.0,0.0,0.0,45096.0,4099.0,363.0,1.49233664e+08,1.248534528e+09,1325.9499999999998,30.0,15034.0,0.0,15033.0,15033.0,1.0,0.0,0.0
2026-04-01 13:53:34,29,521686.0,2.9098869e+07,1.143359e+07,0.0,0.0,0.0,45464.0,4133.0,366.0,1.4962688e+08,1.248534528e+09,1336.34,30.0,15157.0,0.0,15156.0,15156.0,1.0,0.0,0.0
2026-04-01 13:53:47,29,525690.0,2.9318309e+07,1.1529826e+07,0.0,0.0,0.0,45808.0,4164.0,369.0,1.5028224e+08,1.248534528e+09,1346.84,31.0,15273.0,0.0,15272.0,15272.0,1.0,0.0,0.0
2026-04-01 13:53:59,30,529867.0,2.9545701e+07,1.1620712e+07,0.0,0.0,0.0,46160.0,4196.0,372.0,1.5028224e+08,1.248534528e+09,1357.41,31.0,15391.0,0.0,15390.0,15390.0,1.0,0.0,0.0
2026-04-01 13:54:12,30,533999.0,2.9778568e+07,1.1716948e+07,0.0,0.0,0.0,46522.0,4229.0,375.0,1.50544384e+08,1.248534528e+09,1367.83,31.0,15512.0,0.0,15511.0,15511.0,1.0,0.0,0.0
2026-04-01 13:54:24,30,537897.0,2.9992638e+07,1.1781146e+07,0.0,0.0,0.0,46859.0,4259.0,377.0,1.509376e+08,1.248534528e+09,1378.56,35.0,15625.0,0.0,15624.0,15624.0,1.0,0.0,0.0
2026-04-01 13:54:37,30,541916.0,3.0220097e+07,1.1874736e+07,0.0,0.0,0.0,47206.0,4291.0,380.0,1.51199744e+08,1.248534528e+09,1388.91,30.0,15742.0,0.0,15741.0,15741.0,1.0,0.0,0.0
2026-04-01 13:54:50,31,546102.0,3.0452877e+07,1.1970972e+07,0.0,0.0,0.0,47566.0,4324.0,383.0,1.51724032e+08,1.248534528e+09,1399.31,30.0,15863.0,0.0,15862.0,15862.0,1.0,0.0,0.0
2026-04-01 13:55:02,31,550125.0,3.0680403e+07,1.2064594e+07,0.0,0.0,0.0,47925.0,4356.0,386.0,1.52117248e+08,1.248534528e+09,1409.71,30.0,15983.0,0.0,15982.0,15982.0,1.0,0.0,0.0
2026-04-01 13:55:15,31,554074.0,3.0910566e+07,1.2160862e+07,0.0,0.0,0.0,48268.0,4388.0,389.0,1.52379392e+08,1.248534528e+09,1420.47,30.0,16099.0,0.0,16098.0,16098.0,1.0,0.0,0.0
2026-04-01 13:55:28,31,558138.0,3.1127288e+07,1.2222356e+07,0.0,0.0,0.0,48618.0,4419.0,391.0,1.52510464e+08,1.248534528e+09,1431.0800000000002,30.0,16215.0,0.0,16214.0,16214.0,1.0,0.0,0.0
2026-04-01 13:55:40,31,562222.0,3.1357428e+07,1.2313242e+07,0.0,0.0,0.0,48969.0,4451.0,394.0,1.5290368e+08,1.248534528e+09,1441.68,30.0,16334.0,0.0,16333.0,16333.0,1.0,0.0,0.0
2026-04-01 13:55:53,32,565976.0,3.1566148e+07,1.2412214e+07,0.0,0.0,0.0,49297.0,4481.0,397.0,1.53296896e+08,1.248534528e+09,1452.2,35.0,16443.0,0.0,16442.0,16442.0,1.0,0.0,0.0
2026-04-01 13:56:05,32,570024.0,3.179359e+07,1.25031e+07,0.0,0.0,0.0,49644.0,4513.0,400.0,1.53821184e+08,1.248534528e+09,1462.69,31.0,16559.0,0.0,16558.0,16558.0,1.0,0.0,0.0
2026-04-01 13:56:18,32,574226.0,3.2023762e+07,1.2596696e+07,0.0,0.0,0.0,50010.0,4546.0,403.0,1.54083328e+08,1.248534528e+09,1473.1799999999998,30.0,16682.0,0.0,16681.0,16681.0,1.0,0.0,0.0
2026-04-01 13:56:30,32,578308.0,3.224581e+07,1.2660862e+07,0.0,0.0,0.0,50358.0,4577.0,405.0,1.54345472e+08,1.248534528e+09,1483.6,31.0,16798.0,0.0,16797.0,16797.0,1.0,0.0,0.0
2026-04-01 13:56:43,32,582514.0,3.248401e+07,1.278385e+07,0.0,0.0,0.0,50726.0,4611.0,409.0,1.54738688e+08,1.248534528e+09,1494.02,29.0,16922.0,0.0,16921.0,16921.0,1.0,0.0,0.0
2026-04-01 13:56:55,33,586504.0,3.2711498e+07,1.2845376e+07,0.0,0.0,0.0,51073.0,4643.0,411.0,1.55131904e+08,1.248534528e+09,1504.58,30.0,17038.0,0.0,17037.0,17037.0,1.0,0.0,0.0
2026-04-01 13:57:08,33,590450.0,3.293632e+07,1.2944348e+07,0.0,0.0,0.0,51425.0,4675.0,414.0,1.5552512e+08,1.248534528e+09,1515.11,35.0,17156.0,0.0,17155.0,17155.0,1.0,0.0,0.0
2026-04-01 13:57:21,33,594663.0,3.3171888e+07,1.303797e+07,0.0,0.0,0.0,51799.0,4708.0,417.0,1.5552512e+08,1.248534528e+09,1525.47,30.0,17282.0,0.0,17281.0,17281.0,1.0,0.0,0.0
2026-04-01 13:57:33,33,598811.0,3.3412725e+07,1.3134238e+07,0.0,0.0,0.0,52162.0,4742.0,420.0,1.55918336e+08,1.248534528e+09,1536.01,30.0,17403.0,0.0,17402.0,17402.0,1.0,0.0,0.0
2026-04-01 13:57:46,33,603073.0,3.3648177e+07,1.3225124e+07,0.0,0.0,0.0,52525.0,4775.0,423.0,1.5618048e+08,1.248534528e+09,1546.38,30.0,17525.0,0.0,17524.0,17524.0,1.0,0.0,0.0
2026-04-01 13:57:59,34,607206.0,3.3881108e+07,1.3324096e+07,0.0,0.0,0.0,52896.0,4808.0,426.0,1.56704768e+08,1.248534528e+09,1557.0,35.0,17650.0,0.0,17649.0,17649.0,1.0,0.0,0.0
2026-04-01 13:58:11,34,611417.0,3.4119171e+07,1.3414982e+07,0.0,0.0,0.0,53251.0,4841.0,429.0,1.56966912e+08,1.248534528e+09,1567.54,30.0,17769.0,0.0,17768.0,17768.0,1.0,0.0,0.0
2026-04-01 13:58:24,34,615353.0,3.4338585e+07,1.3479148e+07,0.0,0.0,0.0,53592.0,4872.0,431.0,1.57097984e+08,1.248534528e+09,1578.15,30.0,17884.0,0.0,17883.0,17883.0,1.0,0.0,0.0
2026-04-01 13:58:37,34,619373.0,3.4560703e+07,1.3572738e+07,0.0,0.0,0.0,53941.0,4903.0,434.0,1.57360128e+08,1.248534528e+09,1588.54,30.0,18001.0,0.0,18000.0,18000.0,1.0,0.0,0.0
2026-04-01 13:58:49,35,623471.0,3.4790881e+07,1.3669006e+07,0.0,0.0,0.0,54297.0,4936.0,437.0,1.57753344e+08,1.248534528e+09,1599.22,30.0,18120.0,0.0,18119.0,18119.0,1.0,0.0,0.0
2026-04-01 13:59:02,35,627784.0,3.5029022e+07,1.375986e+07,0.0,0.0,0.0,54669.0,4969.0,440.0,1.58277632e+08,1.248534528e+09,1609.69,29.0,18245.0,0.0,18244.0,18244.0,1.0,0.0,0.0
2026-04-01 13:59:15,35,631834.0,3.5261866e+07,1.3853456e+07,0.0,0.0,0.0,55022.0,5002.0,443.0,1.58670848e+08,1.248534528e+09,1620.32,30.0,18363.0,0.0,18362.0,18362.0,1.0,0.0,0.0
2026-04-01 13:59:28,35,635865.0,3.548938e+07,1.3947046e+07,0.0,0.0,0.0,55380.0,5034.0,446.0,1.58932992e+08,1.248534528e+09,1630.85,35.0,18483.0,0.0,18482.0,18482.0,1.0,0.0,0.0
2026-04-01 13:59:40,35,639837.0,3.5708838e+07,1.4043314e+07,0.0,0.0,0.0,55725.0,5065.0,449.0,1.59195136e+08,1.248534528e+09,1641.5,30.0,18599.0,0.0,18598.0,18598.0,1.0,0.0,0.0
2026-04-01 13:59:53,36,644213.0,3.5949564e+07,1.410748e+07,0.0,0.0,0.0,56089.0,5099.0,451.0,1.5945728e+08,1.248534528e+09,1651.9,30.0,18721.0,0.0,18720.0,18720.0,1.0,0.0,0.0
2026-04-01 14:00:06,36,648467.0,3.6185106e+07,1.4198366e+07,0.0,0.0,0.0,56457.0,5132.0,454.0,1.6011264e+08,1.248534528e+09,1662.42,30.0,18845.0,0.0,18844.0,18844.0,1.0,0.0,0.0
2026-04-01 14:00:18,36,652412.0,3.6409893e+07,1.4297338e+07,0.0,0.0,0.0,56804.0,5164.0,457.0,1.60374784e+08,1.248534528e+09,1672.9599999999998,30.0,18961.0,0.0,18960.0,18960.0,1.0,0.0,0.0
2026-04-01 14:00:31,36,656322.0,3.6632002e+07,1.4388224e+07,0.0,0.0,0.0,57145.0,5195.0,460.0,1.60505856e+08,1.248534528e+09,1683.6799999999998,35.0,19075.0,0.0,19074.0,19074.0,1.0,0.0,0.0
2026-04-01 14:00:44,36,660613.0,3.6867515e+07,1.4481788e+07,0.0,0.0,0.0,57515.0,5228.0,463.0,1.61030144e+08,1.248534528e+09,1694.0,31.0,19200.0,0.0,19199.0,19199.0,1.0,0.0,0.0
2026-04-01 14:00:56,37,664613.0,3.7095035e+07,1.457541e+07,0.0,0.0,0.0,57868.0,5260.0,466.0,1.6142336e+08,1.248534528e+09,1704.46,30.0,19318.0,0.0,19317.0,19317.0,1.0,0.0,0.0
2026-04-01 14:01:09,37,668828.0,3.7330516e+07,1.467435e+07,0.0,0.0,0.0,58233.0,5293.0,469.0,1.61685504e+08,1.248534528e+09,1715.13,35.0,19440.0,0.0,19439.0,19439.0,1.0,0.0,0.0
2026-04-01 14:01:21,37,672797.0,3.7555338e+07,1.4735812e+07,0.0,0.0,0.0,58577.0,5325.0,471.0,1.61816576e+08,1.248534528e+09,1725.54,35.0,19556.0,0.0,19555.0,19555.0,1.0,0.0,0.0
2026-04-01 14:01:34,37,676841.0,3.7774746e+07,1.482937e+07,0.0,0.0,0.0,58925.0,5356.0,474.0,1.62209792e+08,1.248534528e+09,1736.14,30.0,19672.0,0.0,19671.0,19671.0,1.0,0.0,0.0
2026-04-01 14:01:47,37,680845.0,3.8002298e+07,1.492296e+07,0.0,0.0,0.0,59279.0,5388.0,477.0,1.62471936e+08,1.248534528e+09,1746.62,30.0,19791.0,0.0,19790.0,19790.0,1.0,0.0,0.0
2026-04-01 14:01:59,38,684650.0,3.8229821e+07,1.5019222e+07,0.0,0.0,0.0,59613.0,5419.0,480.0,1.62865152e+08,1.248534528e+09,1757.29,30.0,19904.0,0.0,19903.0,19903.0,1.0,0.0,0.0
2026-04-01 14:02:12,38,688727.0,3.8454594e+07,1.5083388e+07,0.0,0.0,0.0,59961.0,5451.0,482.0,1.6338944e+08,1.248534528e+09,1767.75,30.0,20021.0,0.0,20020.0,20020.0,1.0,0.0,0.0
2026-04-01 14:02:25,38,692786.0,3.8679323e+07,1.5176946e+07,0.0,0.0,0.0,60309.0,5482.0,485.0,1.63651584e+08,1.248534528e+09,1778.39,31.0,20138.0,0.0,20137.0,20137.0,1.0,0.0,0.0
2026-04-01 14:02:37,38,696706.0,3.8896161e+07,1.5270542e+07,0.0,0.0,0.0,60653.0,5513.0,488.0,1.63913728e+08,1.248534528e+09,1788.77,30.0,20253.0,0.0,20252.0,20252.0,1.0,0.0,0.0
2026-04-01 14:02:50,39,700851.0,3.9131648e+07,1.5364132e+07,0.0,0.0,0.0,61014.0,5546.0,491.0,1.640448e+08,1.248534528e+09,1799.3500000000001,30.0,20374.0,0.0,20373.0,20373.0,1.0,0.0,0.0
2026-04-01 14:03:02,39,705124.0,3.9372502e+07,1.5457722e+07,0.0,0.0,0.0,61385.0,5580.0,494.0,1.64569088e+08,1.248534528e+09,1809.71,33.0,20498.0,0.0,20497.0,20497.0,1.0,0.0,0.0
2026-04-01 14:03:15,39,709185.0,3.9599909e+07,1.555399e+07,0.0,0.0,0.0,61732.0,5612.0,497.0,1.6470016e+08,1.248534528e+09,1820.29,32.0,20615.0,0.0,20614.0,20614.0,1.0,0.0,0.0
2026-04-01 14:03:28,39,713250.0,3.983011e+07,1.5615516e+07,0.0,0.0,0.0,62096.0,5645.0,499.0,1.65224448e+08,1.248534528e+09,1830.8,31.0,20735.0,0.0,20734.0,20734.0,1.0,0.0,0.0
2026-04-01 14:03:40,39,717214.0,4.0046878e+07,1.5714456e+07,0.0,0.0,0.0,62443.0,5676.0,502.0,1.65617664e+08,1.248534528e+09,1841.3,31.0,20852.0,0.0,20851.0,20851.0,1.0,0.0,0.0
2026-04-01 14:03:53,40,721052.0,4.026098e+07,1.5808014e+07,0.0,0.0,0.0,62772.0,5706.0,505.0,1.65748736e+08,1.248534528e+09,1851.93,30.0,20962.0,0.0,20961.0,20961.0,1.0,0.0,0.0
2026-04-01 14:04:05,40,725112.0,4.0491158e+07,1.590161e+07,0.0,0.0,0.0,63130.0,5739.0,508.0,1.66535168e+08,1.248534528e+09,1862.6299999999999,35.0,21081.0,0.0,21080.0,21080.0,1.0,0.0,0.0
2026-04-01 14:04:18,40,729045.0,4.0705222e+07,1.5992496e+07,0.0,0.0,0.0,63466.0,5769.0,511.0,1.66535168e+08,1.248534528e+09,1873.26,30.0,21194.0,0.0,21193.0,21193.0,1.0,0.0,0.0
2026-04-01 14:04:31,40,732956.0,4.0927337e+07,1.6053958e+07,0.0,0.0,0.0,63800.0,5800.0,513.0,1.67059456e+08,1.248534528e+09,1883.77,29.0,21307.0,0.0,21306.0,21306.0,1.0,0.0,0.0
2026-04-01 14:04:43,40,736931.0,4.1144146e+07,1.6150226e+07,0.0,0.0,0.0,64150.0,5831.0,516.0,1.673216e+08,1.248534528e+09,1894.36,35.0,21423.0,0.0,21422.0,21422.0,1.0,0.0,0.0
2026-04-01 14:04:56,41,740977.0,4.1374248e+07,1.6241112e+07,0.0,0.0,0.0,64497.0,5863.0,519.0,1.67714816e+08,1.248534528e+09,1904.8899999999999,35.0,21540.0,0.0,21539.0,21539.0,1.0,0.0,0.0
2026-04-01 14:05:09,41,745117.0,4.1596311e+07,1.633738e+07,0.0,0.0,0.0,64854.0,5895.0,522.0,1.67845888e+08,1.248534528e+09,1915.38,30.0,21659.0,0.0,21658.0,21658.0,1.0,0.0,0.0
2026-04-01 14:05:21,41,749079.0,4.1818362e+07,1.6428266e+07,0.0,0.0,0.0,65189.0,5926.0,525.0,1.68108032e+08,1.248534528e+09,1925.96,30.0,21772.0,0.0,21771.0,21771.0,1.0,0.0,0.0
2026-04-01 14:05:34,41,753288.0,4.2053817e+07,1.6492432e+07,0.0,0.0,0.0,65550.0,5959.0,527.0,1.6863232e+08,1.248534528e+09,1936.49,30.0,21893.0,0.0,21892.0,21892.0,1.0,0.0,0.0
2026-04-01 14:05:46,41,757260.0,4.2276005e+07,1.65887e+07,0.0,0.0,0.0,65901.0,5991.0,530.0,1.69025536e+08,1.248534528e+09,1946.95,35.0,22010.0,0.0,22009.0,22009.0,1.0,0.0,0.0
2026-04-01 14:05:59,42,761545.0,4.2511457e+07,1.6679586e+07,0.0,0.0,0.0,66270.0,6024.0,533.0,1.6928768e+08,1.248534528e+09,1957.42,29.0,22134.0,0.0,22134.0,22134.0,1.0,0.0,0.0
2026-04-01 14:06:12,42,765402.0,4.2728234e+07,1.6775886e+07,0.0,0.0,0.0,66610.0,6055.0,536.0,1.69680896e+08,1.248534528e+09,1967.8899999999999,31.0,22248.0,0.0,22247.0,22247.0,1.0,0.0,0.0
2026-04-01 14:06:24,42,769604.0,4.2963718e+07,1.6866804e+07,0.0,0.0,0.0,66971.0,6088.0,539.0,1.69811968e+08,1.248534528e+09,1978.24,30.0,22370.0,0.0,22369.0,22369.0,1.0,0.0,0.0
2026-04-01 14:06:37,42,773586.0,4.318854e+07,1.6965744e+07,0.0,0.0,0.0,67321.0,6120.0,542.0,1.70205184e+08,1.248534528e+09,1988.59,30.0,22487.0,0.0,22486.0,22486.0,1.0,0.0,0.0
2026-04-01 14:06:49,43,777582.0,4.3410652e+07,1.7029942e+07,0.0,0.0,0.0,67665.0,6151.0,544.0,1.705984e+08,1.248534528e+09,1999.23,29.0,22603.0,0.0,22602.0,22602.0,1.0,0.0,0.0
2026-04-01 14:07:02,43,781601.0,4.3630072e+07,1.7120828e+07,0.0,0.0,0.0,68012.0,6182.0,547.0,1.70991616e+08,1.248534528e+09,2009.63,29.0,22719.0,0.0,22718.0,22718.0,1.0,0.0,0.0
2026-04-01 14:07:14,43,785676.0,4.3854853e+07,1.7214392e+07,0.0,0.0,0.0,68364.0,6214.0,550.0,1.7125376e+08,1.248534528e+09,2020.04,29.0,22837.0,0.0,22836.0,22836.0,1.0,0.0,0.0
2026-04-01 14:07:27,43,789517.0,4.4077032e+07,1.7307982e+07,0.0,0.0,0.0,68702.0,6245.0,553.0,1.71778048e+08,1.248534528e+09,2030.49,30.0,22950.0,0.0,22949.0,22949.0,1.0,0.0,0.0
2026-04-01 14:07:39,43,793676.0,4.4301729e+07,1.7406922e+07,0.0,0.0,0.0,69055.0,6277.0,556.0,1.71778048e+08,1.248534528e+09,2040.93,35.0,23068.0,0.0,23067.0,23067.0,1.0,0.0,0.0
2026-04-01 14:07:52,44,797770.0,4.4534529e+07,1.7465738e+07,0.0,0.0,0.0,69405.0,6309.0,558.0,1.72040192e+08,1.248534528e+09,2051.41,30.0,23187.0,0.0,23186.0,23186.0,1.0,0.0,0.0
2026-04-01 14:08:04,44,801827.0,4.4759357e+07,1.7564678e+07,0.0,0.0,0.0,69759.0,6341.0,561.0,1.7256448e+08,1.248534528e+09,2061.96,31.0,23305.0,0.0,23304.0,23304.0,1.0,0.0,0.0
2026-04-01 14:08:17,44,806020.0,4.499485e+07,1.7655564e+07,0.0,0.0,0.0,70122.0,6374.0,564.0,1.72957696e+08,1.315643392e+09,2072.43,30.0,23426.0,0.0,23425.0,23425.0,1.0,0.0,0.0
2026-04-01 14:08:30,44,809828.0,4.5211627e+07,1.7751864e+07,0.0,0.0,0.0,70459.0,6405.0,567.0,1.73350912e+08,1.315643392e+09,2082.96,31.0,23540.0,0.0,23539.0,23539.0,1.0,0.0,0.0
2026-04-01 14:08:42,44,814033.0,4.5449856e+07,1.7842782e+07,0.0,0.0,0.0,70831.0,6439.0,570.0,1.73744128e+08,1.315643392e+09,2093.42,30.0,23663.0,0.0,23662.0,23662.0,1.0,0.0,0.0
2026-04-01 14:08:55,45,818087.0,4.567462e+07,1.7941722e+07,0.0,0.0,0.0,71181.0,6471.0,573.0,1.74006272e+08,1.315643392e+09,2103.86,30.0,23781.0,0.0,23780.0,23780.0,1.0,0.0,0.0
2026-04-01 14:09:07,45,822094.0,4.5894011e+07,1.803264e+07,0.0,0.0,0.0,71522.0,6502.0,576.0,1.74399488e+08,1.315643392e+09,2114.4,30.0,23895.0,0.0,23894.0,23894.0,1.0,0.0,0.0
2026-04-01 14:09:20,45,826353.0,4.6126826e+07,1.8096838e+07,0.0,0.0,0.0,71894.0,6535.0,578.0,1.74792704e+08,1.315643392e+09,2124.88,30.0,24019.0,0.0,24018.0,24018.0,1.0,0.0,0.0
2026-04-01 14:09:32,45,830110.0,4.6343667e+07,1.8193106e+07,0.0,0.0,0.0,72228.0,6566.0,581.0,1.75054848e+08,1.315643392e+09,2135.36,30.0,24130.0,0.0,24129.0,24129.0,1.0,0.0,0.0
2026-04-01 14:09:45,45,834211.0,4.657112e+07,1.8286696e+07,0.0,0.0,0.0,72584.0,6598.0,584.0,1.75448064e+08,1.315643392e+09,2145.94,31.0,24249.0,0.0,24248.0,24248.0,1.0,0.0,0.0
2026-04-01 14:09:58,46,838029.0,4.6793282e+07,1.8380286e+07,0.0,0.0,0.0,72919.0,6629.0,587.0,1.75710208e+08,1.315643392e+09,2156.54,30.0,24361.0,0.0,24360.0,24360.0,1.0,0.0,0.0
2026-04-01 14:10:10,46,841984.0,4.7007355e+07,1.8444452e+07,0.0,0.0,0.0,73259.0,6659.0,589.0,1.75972352e+08,1.315643392e+09,2167.0,30.0,24476.0,0.0,24475.0,24475.0,1.0,0.0,0.0
2026-04-01 14:10:23,46,845959.0,4.723216e+07,1.854072e+07,0.0,0.0,0.0,73609.0,6691.0,592.0,1.76234496e+08,1.315643392e+09,2177.64,30.0,24593.0,0.0,24592.0,24592.0,1.0,0.0,0.0
2026-04-01 14:10:35,46,849680.0,4.7451757e+07,1.8634342e+07,0.0,0.0,0.0,73949.0,6722.0,595.0,1.7649664e+08,1.315643392e+09,2188.29,31.0,24707.0,0.0,24706.0,24706.0,1.0,0.0,0.0
2026-04-01 14:10:48,47,853877.0,4.7676451e+07,1.8730578e+07,0.0,0.0,0.0,74305.0,6754.0,598.0,1.77283072e+08,1.315643392e+09,2198.81,33.0,24825.0,0.0,24824.0,24824.0,1.0,0.0,0.0
2026-04-01 14:11:01,47,857981.0,4.7911935e+07,1.8824168e+07,0.0,0.0,0.0,74657.0,6787.0,601.0,1.77414144e+08,1.315643392e+09,2209.1600000000003,30.0,24944.0,0.0,24943.0,24943.0,1.0,0.0,0.0
2026-04-01 14:11:13,47,862229.0,4.8141999e+07,1.888563e+07,0.0,0.0,0.0,75014.0,6819.0,603.0,1.77545216e+08,1.315643392e+09,2219.78,35.0,25064.0,0.0,25063.0,25063.0,1.0,0.0,0.0
2026-04-01 14:11:26,47,866077.0,4.8358715e+07,1.898193e+07,0.0,0.0,0.0,75350.0,6850.0,606.0,1.78069504e+08,1.315643392e+09,2230.3,31.0,25177.0,0.0,25176.0,25176.0,1.0,0.0,0.0
2026-04-01 14:11:38,47,870089.0,4.858083e+07,1.9072816e+07,0.0,0.0,0.0,75694.0,6881.0,609.0,1.7846272e+08,1.315643392e+09,2240.73,30.0,25292.0,0.0,25291.0,25291.0,1.0,0.0,0.0
2026-04-01 14:11:51,48,874291.0,4.8810958e+07,1.9169052e+07,0.0,0.0,0.0,76056.0,6914.0,612.0,1.78724864e+08,1.315643392e+09,2251.14,30.0,25413.0,0.0,25412.0,25412.0,1.0,0.0,0.0
2026-04-01 14:12:03,48,878155.0,4.9033134e+07,1.9262642e+07,0.0,0.0,0.0,76395.0,6945.0,615.0,1.79249152e+08,1.315643392e+09,2261.66,29.0,25528.0,0.0,25527.0,25527.0,1.0,0.0,0.0
2026-04-01 14:12:16,48,882299.0,4.9260587e+07,1.932684e+07,0.0,0.0,0.0,76757.0,6977.0,617.0,1.79249152e+08,1.315643392e+09,2272.0,30.0,25649.0,0.0,25648.0,25648.0,1.0,0.0,0.0
2026-04-01 14:12:28,48,886187.0,4.9485479e+07,1.9425748e+07,0.0,0.0,0.0,77100.0,7009.0,620.0,1.79511296e+08,1.315643392e+09,2282.52,30.0,25764.0,0.0,25763.0,25763.0,1.0,0.0,0.0
2026-04-01 14:12:41,48,889998.0,4.969954e+07,1.9519338e+07,0.0,0.0,0.0,77433.0,7039.0,623.0,1.80166656e+08,1.315643392e+09,2293.06,31.0,25875.0,0.0,25874.0,25874.0,1.0,0.0,0.0
2026-04-01 14:12:54,49,893658.0,4.990562e+07,1.9580832e+07,0.0,0.0,0.0,77750.0,7068.0,625.0,1.80559872e+08,1.315643392e+09,2303.8,33.0,25982.0,0.0,25981.0,25981.0,1.0,0.0,0.0
2026-04-01 14:13:07,49,897481.0,5.0108929e+07,1.9677068e+07,0.0,0.0,0.0,78071.0,7097.0,628.0,1.80953088e+08,1.315643392e+09,2314.21,30.0,26090.0,0.0,26089.0,26089.0,1.0,0.0,0.0
2026-04-01 14:13:19,49,901499.0,5.033913e+07,1.9770664e+07,0.0,0.0,0.0,78430.0,7130.0,631.0,1.8108416e+08,1.315643392e+09,2324.69,31.0,26210.0,0.0,26209.0,26209.0,1.0,0.0,0.0
2026-04-01 14:13:32,49,905372.0,5.0553235e+07,1.9866932e+07,0.0,0.0,0.0,78770.0,7160.0,634.0,1.81215232e+08,1.315643392e+09,2335.0899999999997,35.0,26323.0,0.0,26322.0,26322.0,1.0,0.0,0.0
2026-04-01 14:13:44,49,908985.0,5.0748502e+07,1.9928426e+07,0.0,0.0,0.0,79072.0,7188.0,636.0,1.8173952e+08,1.315643392e+09,2345.74,30.0,26425.0,0.0,26424.0,26424.0,1.0,0.0,0.0
2026-04-01 14:13:57,50,912848.0,5.0965221e+07,2.0019312e+07,0.0,0.0,0.0,79403.0,7218.0,639.0,1.81870592e+08,1.315643392e+09,2356.37,30.0,26536.0,0.0,26535.0,26535.0,1.0,0.0,0.0
2026-04-01 14:14:10,50,916853.0,5.119004e+07,2.0115612e+07,0.0,0.0,0.0,79757.0,7250.0,642.0,1.82263808e+08,1.315643392e+09,2367.02,30.0,26654.0,0.0,26653.0,26653.0,1.0,0.0,0.0
2026-04-01 14:14:23,50,921094.0,5.1425509e+07,2.0177074e+07,0.0,0.0,0.0,80117.0,7283.0,644.0,1.82525952e+08,1.315643392e+09,2377.68,30.0,26775.0,0.0,26774.0,26774.0,1.0,0.0,0.0
2026-04-01 14:14:35,50,924942.0,5.1647659e+07,2.026796e+07,0.0,0.0,0.0,80455.0,7314.0,647.0,1.83181312e+08,1.315643392e+09,2388.2799999999997,30.0,26888.0,0.0,26887.0,26887.0,1.0,0.0,0.0
2026-04-01 14:14:48,51,929011.0,5.1867044e+07,2.0361524e+07,0.0,0.0,0.0,80804.0,7345.0,650.0,1.83312384e+08,1.315643392e+09,2398.87,30.0,27005.0,0.0,27004.0,27004.0,1.0,0.0,0.0
2026-04-01 14:15:01,51,932680.0,5.2086577e+07,2.0455146e+07,0.0,0.0,0.0,81136.0,7376.0,653.0,1.83443456e+08,1.315643392e+09,2409.41,30.0,27116.0,0.0,27115.0,27115.0,1.0,0.0,0.0
2026-04-01 14:15:14,51,936725.0,5.2300583e+07,2.0519312e+07,0.0,0.0,0.0,81477.0,7406.0,655.0,1.83836672e+08,1.315643392e+09,2419.95,35.0,27230.0,0.0,27229.0,27229.0,1.0,0.0,0.0
2026-04-01 14:15:26,51,940297.0,5.2501252e+07,2.061294e+07,0.0,0.0,0.0,81786.0,7435.0,658.0,1.8436096e+08,1.315643392e+09,2430.5,30.0,27334.0,0.0,27333.0,27333.0,1.0,0.0,0.0
2026-04-01 14:15:39,51,944325.0,5.272073e+07,2.0706504e+07,0.0,0.0,0.0,82136.0,7466.0,661.0,1.84754176e+08,1.315643392e+09,2440.96,29.0,27451.0,0.0,27450.0,27450.0,1.0,0.0,0.0
2026-04-01 14:15:52,52,948132.0,5.2934774e+07,2.0767998e+07,0.0,0.0,0.0,82461.0,7496.0,663.0,1.8501632e+08,1.315643392e+09,2451.32,30.0,27560.0,0.0,27559.0,27559.0,1.0,0.0,0.0
2026-04-01 14:16:04,52,952005.0,5.3148803e+07,2.0858884e+07,0.0,0.0,0.0,82789.0,7526.0,666.0,1.85278464e+08,1.315643392e+09,2461.77,30.0,27670.0,0.0,27669.0,27669.0,1.0,0.0,0.0
2026-04-01 14:16:17,52,955729.0,5.3357561e+07,2.0955152e+07,0.0,0.0,0.0,83116.0,7556.0,669.0,1.85409536e+08,1.315643392e+09,2472.59,31.0,27779.0,0.0,27778.0,27778.0,1.0,0.0,0.0
2026-04-01 14:16:30,52,959608.0,5.3571628e+07,2.101935e+07,0.0,0.0,0.0,83449.0,7586.0,671.0,1.85933824e+08,1.315643392e+09,2483.16,35.0,27891.0,0.0,27890.0,27890.0,1.0,0.0,0.0
2026-04-01 14:16:42,52,963842.0,5.3807071e+07,2.1110236e+07,0.0,0.0,0.0,83810.0,7619.0,674.0,1.86064896e+08,1.315643392e+09,2493.54,31.0,28013.0,0.0,28012.0,28012.0,1.0,0.0,0.0
2026-04-01 14:16:55,53,967809.0,5.402652e+07,2.1209176e+07,0.0,0.0,0.0,84155.0,7650.0,677.0,1.8632704e+08,1.315643392e+09,2503.94,30.0,28128.0,0.0,28127.0,28127.0,1.0,0.0,0.0
2026-04-01 14:17:07,53,971678.0,5.4248673e+07,2.1302734e+07,0.0,0.0,0.0,84494.0,7681.0,680.0,1.86589184e+08,1.315643392e+09,2514.39,30.0,28242.0,0.0,28241.0,28241.0,1.0,0.0,0.0
2026-04-01 14:17:20,53,975689.0,5.4476158e+07,2.1396324e+07,0.0,0.0,0.0,84843.0,7713.0,683.0,1.87244544e+08,1.315643392e+09,2524.86,30.0,28359.0,0.0,28358.0,28358.0,1.0,0.0,0.0
2026-04-01 14:17:33,53,979706.0,5.4703707e+07,2.1457818e+07,0.0,0.0,0.0,85195.0,7745.0,685.0,1.87506688e+08,1.315643392e+09,2535.28,30.0,28477.0,0.0,28476.0,28476.0,1.0,0.0,0.0
2026-04-01 14:17:45,53,983655.0,5.492049e+07,2.1554086e+07,0.0,0.0,0.0,85542.0,7776.0,688.0,1.87768832e+08,1.315643392e+09,2545.8599999999997,30.0,28593.0,0.0,28592.0,28592.0,1.0,0.0,0.0
2026-04-01 14:17:58,54,987316.0,5.5126509e+07,2.1647644e+07,0.0,0.0,0.0,85855.0,7805.0,691.0,1.87768832e+08,1.315643392e+09,2556.5699999999997,30.0,28698.0,0.0,28697.0,28697.0,1.0,0.0,0.0
2026-04-01 14:18:11,54,991350.0,5.5348659e+07,2.1709138e+07,0.0,0.0,0.0,86204.0,7836.0,693.0,1.88555264e+08,1.315643392e+09,2567.2799999999997,30.0,28816.0,0.0,28815.0,28815.0,1.0,0.0,0.0
2026-04-01 14:18:24,54,995278.0,5.5557283e+07,2.1805374e+07,0.0,0.0,0.0,86531.0,7866.0,696.0,1.88817408e+08,1.315643392e+09,2577.7999999999997,30.0,28925.0,0.0,28924.0,28924.0,1.0,0.0,0.0
2026-04-01 14:18:36,54,999110.0,5.5768687e+07,2.1898964e+07,0.0,0.0,0.0,86865.0,7896.0,699.0,1.89210624e+08,1.315643392e+09,2588.41,34.0,29037.0,0.0,29036.0,29036.0,1.0,0.0,0.0
2026-04-01 14:18:49,55,1.003201e+06,5.600156e+07,2.199256e+07,0.0,0.0,0.0,87223.0,7929.0,702.0,1.89472768e+08,1.315643392e+09,2599.05,30.0,29157.0,0.0,29156.0,29156.0,1.0,0.0,0.0
2026-04-01 14:19:02,55,1.007198e+06,5.6220948e+07,2.2083446e+07,0.0,0.0,0.0,87566.0,7960.0,705.0,1.8960384e+08,1.315643392e+09,2609.6499999999996,29.0,29271.0,0.0,29271.0,29271.0,1.0,0.0,0.0
2026-04-01 14:19:14,55,1.011203e+06,5.6442996e+07,2.214494e+07,0.0,0.0,0.0,87903.0,7991.0,707.0,1.902592e+08,1.315643392e+09,2620.33,30.0,29385.0,0.0,29384.0,29384.0,1.0,0.0,0.0
2026-04-01 14:19:27,55,1.014977e+06,5.6654487e+07,2.2238504e+07,0.0,0.0,0.0,88236.0,8021.0,710.0,1.90521344e+08,1.315643392e+09,2630.77,31.0,29497.0,0.0,29496.0,29496.0,1.0,0.0,0.0
2026-04-01 14:19:40,55,1.018903e+06,5.6871203e+07,2.2332062e+07,0.0,0.0,0.0,88572.0,8051.0,713.0,1.90783488e+08,1.315643392e+09,2641.18,31.0,29609.0,0.0,29608.0,29608.0,1.0,0.0,0.0
2026-04-01 14:19:52,56,1.022659e+06,5.7085273e+07,2.2393556e+07,0.0,0.0,0.0,88892.0,8081.0,715.0,1.91045632e+08,1.315643392e+09,2651.81,30.0,29717.0,0.0,29716.0,29716.0,1.0,0.0,0.0
2026-04-01 14:20:05,56,1.026618e+06,5.730469e+07,2.248712e+07,0.0,0.0,0.0,89233.0,8112.0,718.0,1.91963136e+08,1.316130816e+09,2662.26,34.0,29831.0,0.0,29830.0,29830.0,1.0,0.0,0.0
2026-04-01 14:20:18,56,1.030308e+06,5.7510764e+07,2.2578006e+07,0.0,0.0,0.0,89555.0,8141.0,721.0,1.92487424e+08,1.316130816e+09,2672.61,30.0,29939.0,0.0,29938.0,29938.0,1.0,0.0,0.0
2026-04-01 14:20:30,56,1.034166e+06,5.7724837e+07,2.2642172e+07,0.0,0.0,0.0,89884.0,8171.0,723.0,1.9288064e+08,1.316130816e+09,2683.02,30.0,30049.0,0.0,30048.0,30048.0,1.0,0.0,0.0
2026-04-01 14:20:43,56,1.0378e+06,5.7930984e+07,2.27358e+07,0.0,0.0,0.0,90214.0,8201.0,726.0,1.93011712e+08,1.316130816e+09,2693.5600000000004,30.0,30159.0,0.0,30158.0,30158.0,1.0,0.0,0.0
2026-04-01 14:20:56,57,1.041845e+06,5.8155777e+07,2.283474e+07,0.0,0.0,0.0,90566.0,8233.0,729.0,1.93404928e+08,1.316130816e+09,2704.1200000000003,30.0,30276.0,0.0,30275.0,30275.0,1.0,0.0,0.0
2026-04-01 14:21:08,57,1.045639e+06,5.8361761e+07,2.2896234e+07,0.0,0.0,0.0,90888.0,8262.0,731.0,1.93667072e+08,1.316130816e+09,2714.63,29.0,30385.0,0.0,30384.0,30384.0,1.0,0.0,0.0
2026-04-01 14:21:21,57,1.049497e+06,5.8586551e+07,2.298712e+07,0.0,0.0,0.0,91225.0,8293.0,734.0,1.94060288e+08,1.316130816e+09,2725.1800000000003,29.0,30498.0,0.0,30497.0,30497.0,1.0,0.0,0.0
2026-04-01 14:21:33,57,1.052885e+06,5.8776567e+07,2.3083388e+07,0.0,0.0,0.0,91520.0,8320.0,737.0,1.94453504e+08,1.316130816e+09,2736.19,30.0,30597.0,0.0,30596.0,30596.0,1.0,0.0,0.0
2026-04-01 14:21:47,57,1.055767e+06,5.8942535e+07,2.3115458e+07,0.0,0.0,0.0,91773.0,8343.0,738.0,1.94715648e+08,1.316130816e+09,2746.44,35.0,30681.0,0.0,30680.0,30680.0,1.0,0.0,0.0
2026-04-01 14:21:59,58,1.059734e+06,5.9156564e+07,2.3206344e+07,0.0,0.0,0.0,92108.0,8373.0,741.0,1.94977792e+08,1.316130816e+09,2756.92,30.0,30794.0,0.0,30793.0,30793.0,1.0,0.0,0.0
2026-04-01 14:22:12,58,1.06371e+06,5.9381348e+07,2.3302612e+07,0.0,0.0,0.0,92455.0,8405.0,744.0,1.95371008e+08,1.316130816e+09,2767.21,30.0,30910.0,0.0,30909.0,30909.0,1.0,0.0,0.0
2026-04-01 14:22:24,58,1.067744e+06,5.960075e+07,2.3393498e+07,0.0,0.0,0.0,92798.0,8436.0,747.0,1.95633152e+08,1.316130816e+09,2777.7799999999997,30.0,31025.0,0.0,31024.0,31024.0,1.0,0.0,0.0
2026-04-01 14:22:37,58,1.071721e+06,5.9820129e+07,2.3489734e+07,0.0,0.0,0.0,93137.0,8467.0,750.0,1.95895296e+08,1.316130816e+09,2788.13,30.0,31139.0,0.0,31138.0,31138.0,1.0,0.0,0.0
2026-04-01 14:22:50,59,1.075687e+06,6.0031507e+07,2.3551228e+07,0.0,0.0,0.0,93476.0,8497.0,752.0,1.96419584e+08,1.316130816e+09,2798.76,30.0,31252.0,0.0,31251.0,31251.0,1.0,0.0,0.0
2026-04-01 14:23:02,59,1.079297e+06,6.0240285e+07,2.3644786e+07,0.0,0.0,0.0,93793.0,8526.0,755.0,1.96681728e+08,1.316130816e+09,2809.3599999999997,30.0,31359.0,0.0,31358.0,31358.0,1.0,0.0,0.0
2026-04-01 14:23:15,59,1.083164e+06,6.0454352e+07,2.370628e+07,0.0,0.0,0.0,94120.0,8556.0,757.0,1.96943872e+08,1.316130816e+09,2819.87,30.0,31469.0,0.0,31468.0,31468.0,1.0,0.0,0.0
2026-04-01 14:23:28,59,1.086622e+06,6.0641658e+07,2.3802516e+07,0.0,0.0,0.0,94416.0,8583.0,760.0,1.97599232e+08,1.316130816e+09,2830.5,30.0,31568.0,0.0,31567.0,31567.0,1.0,0.0,0.0
2026-04-01 14:23:40,59,1.090212e+06,6.084777e+07,2.3866714e+07,0.0,0.0,0.0,94733.0,8612.0,762.0,1.97730304e+08,1.316130816e+09,2840.94,30.0,31674.0,0.0,31673.0,31673.0,1.0,0.0,0.0
2026-04-01 14:23:53,60,1.094225e+06,6.1067158e+07,2.39576e+07,0.0,0.0,0.0,95077.0,8643.0,765.0,1.97992448e+08,1.316130816e+09,2851.5299999999997,30.0,31789.0,0.0,31788.0,31788.0,1.0,0.0,0.0
2026-04-01 14:24:06,60,1.09794e+06,6.1270499e+07,2.4051164e+07,0.0,0.0,0.0,95394.0,8672.0,768.0,1.9812352e+08,1.316130816e+09,2862.14,35.0,31895.0,0.0,31894.0,31894.0,1.0,0.0,0.0
2026-04-01 14:24:18,60,1.101813e+06,6.1484566e+07,2.4115362e+07,0.0,0.0,0.0,95726.0,8702.0,770.0,1.98516736e+08,1.316130816e+09,2872.71,29.0,32007.0,0.0,32006.0,32006.0,1.0,0.0,0.0
2026-04-01 14:24:31,60,1.105927e+06,6.1712002e+07,2.4206248e+07,0.0,0.0,0.0,96081.0,8734.0,773.0,1.99041024e+08,1.316130816e+09,2883.36,35.0,32125.0,0.0,32124.0,32124.0,1.0,0.0,0.0
2026-04-01 14:24:44,60,1.109873e+06,6.1928738e+07,2.4299812e+07,0.0,0.0,0.0,96418.0,8765.0,776.0,1.99565312e+08,1.316130816e+09,2893.84,30.0,32238.0,0.0,32237.0,32237.0,1.0,0.0,0.0
2026-04-01 14:24:57,61,1.113798e+06,6.2150885e+07,2.4393402e+07,0.0,0.0,0.0,96763.0,8796.0,779.0,1.99696384e+08,1.316130816e+09,2904.38,30.0,32354.0,0.0,32353.0,32353.0,1.0,0.0,0.0
2026-04-01 14:25:09,61,1.117817e+06,6.2367586e+07,2.4489638e+07,0.0,0.0,0.0,97104.0,8827.0,782.0,1.99958528e+08,1.316130816e+09,2915.0499999999997,35.0,32468.0,0.0,32467.0,32467.0,1.0,0.0,0.0
2026-04-01 14:25:22,61,1.121714e+06,6.2589765e+07,2.4553836e+07,0.0,0.0,0.0,97449.0,8858.0,784.0,2.00351744e+08,1.316130816e+09,2925.65,33.0,32584.0,0.0,32583.0,32583.0,1.0,0.0,0.0
2026-04-01 14:25:34,61,1.125764e+06,6.2814497e+07,2.4647394e+07,0.0,0.0,0.0,97793.0,8890.0,787.0,2.00482816e+08,1.316130816e+09,2936.3,30.0,32700.0,0.0,32699.0,32699.0,1.0,0.0,0.0
2026-04-01 14:25:47,61,1.129675e+06,6.3033934e+07,2.4743694e+07,0.0,0.0,0.0,98138.0,8921.0,790.0,2.00876032e+08,1.316130816e+09,2946.88,29.0,32816.0,0.0,32815.0,32815.0,1.0,0.0,0.0
2026-04-01 14:26:00,62,1.13383e+06,6.3269418e+07,2.483458e+07,0.0,0.0,0.0,98495.0,8954.0,793.0,2.01269248e+08,1.316130816e+09,2957.2400000000002,30.0,32935.0,0.0,32934.0,32934.0,1.0,0.0,0.0
2026-04-01 14:26:12,62,1.138299e+06,6.3512924e+07,2.4930848e+07,0.0,0.0,0.0,98883.0,8989.0,796.0,2.01662464e+08,1.316130816e+09,2967.53,30.0,33065.0,0.0,33064.0,33064.0,1.0,0.0,0.0
2026-04-01 14:26:25,62,1.142187e+06,6.3732405e+07,2.5024438e+07,0.0,0.0,0.0,99225.0,9020.0,799.0,2.02317824e+08,1.316130816e+09,2977.84,30.0,33179.0,0.0,33178.0,33178.0,1.0,0.0,0.0
2026-04-01 14:26:37,62,1.146419e+06,6.3965107e+07,2.5120706e+07,0.0,0.0,0.0,99585.0,9053.0,802.0,2.02842112e+08,1.316130816e+09,2988.14,30.0,33300.0,0.0,33299.0,33299.0,1.0,0.0,0.0
2026-04-01 14:26:50,63,1.150882e+06,6.4205909e+07,2.5211592e+07,0.0,0.0,0.0,99967.0,9087.0,805.0,2.02973184e+08,1.316130816e+09,2998.47,30.0,33427.0,0.0,33426.0,33426.0,1.0,0.0,0.0
2026-04-01 14:27:02,63,1.155183e+06,6.444403e+07,2.5305188e+07,0.0,0.0,0.0,100337.0,9121.0,808.0,2.03235328e+08,1.316130816e+09,3008.77,30.0,33551.0,0.0,33550.0,33550.0,1.0,0.0,0.0
2026-04-01 14:27:14,63,1.159535e+06,6.46848e+07,2.5396074e+07,0.0,0.0,0.0,100707.0,9155.0,811.0,2.03497472e+08,1.316130816e+09,3019.14,30.0,33675.0,0.0,33674.0,33674.0,1.0,0.0,0.0
2026-04-01 14:27:27,63,1.163748e+06,6.4920223e+07,2.548967e+07,0.0,0.0,0.0,101069.0,9188.0,814.0,2.03890688e+08,1.316130816e+09,3029.3999999999996,30.0,33797.0,0.0,33796.0,33796.0,1.0,0.0,0.0
2026-04-01 14:27:39,63,1.167762e+06,6.5145007e+07,2.5580524e+07,0.0,0.0,0.0,101410.0,9219.0,817.0,2.04283904e+08,1.316130816e+09,3039.75,35.0,33912.0,0.0,33911.0,33911.0,1.0,0.0,0.0
2026-04-01 14:27:52,64,1.172135e+06,6.5388612e+07,2.567412e+07,0.0,0.0,0.0,101798.0,9254.0,820.0,2.0467712e+08,1.316130816e+09,3049.99,35.0,34040.0,0.0,34039.0,34039.0,1.0,0.0,0.0
2026-04-01 14:28:04,64,1.176227e+06,6.5616048e+07,2.576771e+07,0.0,0.0,0.0,102155.0,9286.0,823.0,2.05070336e+08,1.316130816e+09,3060.08,31.0,34159.0,0.0,34158.0,34158.0,1.0,0.0,0.0
2026-04-01 14:28:16,64,1.180331e+06,6.5848892e+07,2.5829204e+07,0.0,0.0,0.0,102509.0,9319.0,825.0,2.0533248e+08,1.316130816e+09,3070.39,30.0,34278.0,0.0,34277.0,34277.0,1.0,0.0,0.0
2026-04-01 14:28:29,64,1.184697e+06,6.6092456e+07,2.5952224e+07,0.0,0.0,0.0,102896.0,9354.0,829.0,2.05463552e+08,1.316130816e+09,3080.6499999999996,30.0,34407.0,0.0,34406.0,34406.0,1.0,0.0,0.0
2026-04-01 14:28:41,64,1.188769e+06,6.6322622e+07,2.601639e+07,0.0,0.0,0.0,103249.0,9386.0,831.0,2.0598784e+08,1.316130816e+09,3090.91,30.0,34526.0,0.0,34525.0,34525.0,1.0,0.0,0.0
2026-04-01 14:28:53,65,1.193086e+06,6.6560787e+07,2.614205e+07,0.0,0.0,0.0,103625.0,9420.0,835.0,2.066432e+08,1.316130816e+09,3101.06,31.0,34651.0,0.0,34650.0,34650.0,1.0,0.0,0.0
2026-04-01 14:29:06,65,1.197233e+06,6.67963e+07,2.6203576e+07,0.0,0.0,0.0,103986.0,9453.0,837.0,2.06774272e+08,1.316130816e+09,3111.15,30.0,34773.0,0.0,34772.0,34772.0,1.0,0.0,0.0
2026-04-01 14:29:18,65,1.201724e+06,6.7039771e+07,2.6329236e+07,0.0,0.0,0.0,104372.0,9488.0,841.0,2.07036416e+08,1.316130816e+09,3121.35,30.0,34902.0,0.0,34901.0,34901.0,1.0,0.0,0.0
2026-04-01 14:29:30,65,1.205997e+06,6.7277936e+07,2.6422832e+07,0.0,0.0,0.0,104747.0,9522.0,844.0,2.07429632e+08,1.316130816e+09,3131.6400000000003,30.0,35027.0,0.0,35026.0,35026.0,1.0,0.0,0.0
2026-04-01 14:29:43,65,1.209977e+06,6.7497376e+07,2.6486998e+07,0.0,0.0,0.0,105092.0,9553.0,846.0,2.07822848e+08,1.316130816e+09,3142.01,33.0,35142.0,0.0,35141.0,35141.0,1.0,0.0,0.0
2026-04-01 14:29:55,66,1.214316e+06,6.7738207e+07,2.6580588e+07,0.0,0.0,0.0,105466.0,9587.0,849.0,2.08084992e+08,1.316130816e+09,3152.22,30.0,35268.0,0.0,35267.0,35267.0,1.0,0.0,0.0
2026-04-01 14:30:07,66,1.21812e+06,6.7949576e+07,2.6674184e+07,0.0,0.0,0.0,105795.0,9617.0,852.0,2.08216064e+08,1.316130816e+09,3162.6600000000003,30.0,35378.0,0.0,35377.0,35377.0,1.0,0.0,0.0
2026-04-01 14:30:20,66,1.222003e+06,6.8168964e+07,2.676507e+07,0.0,0.0,0.0,106128.0,9648.0,855.0,2.08740352e+08,1.316130816e+09,3172.98,35.0,35489.0,0.0,35488.0,35488.0,1.0,0.0,0.0
2026-04-01 14:30:32,66,1.226217e+06,6.8399136e+07,2.6861338e+07,0.0,0.0,0.0,106500.0,9681.0,858.0,2.0926464e+08,1.316130816e+09,3183.1800000000003,30.0,35613.0,0.0,35612.0,35612.0,1.0,0.0,0.0
2026-04-01 14:30:45,66,1.23015e+06,6.8623923e+07,2.6954934e+07,0.0,0.0,0.0,106843.0,9713.0,861.0,2.09788928e+08,1.316130816e+09,3193.34,30.0,35729.0,0.0,35728.0,35728.0,1.0,0.0,0.0
2026-04-01 14:30:57,67,1.234125e+06,6.8837929e+07,2.70191e+07,0.0,0.0,0.0,107179.0,9743.0,863.0,2.10051072e+08,1.316130816e+09,3203.64,30.0,35842.0,0.0,35841.0,35841.0,1.0,0.0,0.0
2026-04-01 14:31:09,67,1.238083e+06,6.9060079e+07,2.7112658e+07,0.0,0.0,0.0,107523.0,9774.0,866.0,2.10051072e+08,1.316130816e+09,3213.93,30.0,35957.0,0.0,35956.0,35956.0,1.0,0.0,0.0
2026-04-01 14:31:22,67,1.242199e+06,6.9295551e+07,2.7206248e+07,0.0,0.0,0.0,107877.0,9807.0,869.0,2.10182144e+08,1.316130816e+09,3224.08,35.0,36075.0,0.0,36074.0,36074.0,1.0,0.0,0.0
2026-04-01 14:31:34,67,1.246216e+06,6.9520376e+07,2.7302516e+07,0.0,0.0,0.0,108229.0,9839.0,872.0,2.1057536e+08,1.316130816e+09,3234.17,29.0,36194.0,0.0,36193.0,36193.0,1.0,0.0,0.0
2026-04-01 14:31:46,67,1.250681e+06,6.9769223e+07,2.7396106e+07,0.0,0.0,0.0,108614.0,9874.0,875.0,2.10837504e+08,1.316130816e+09,3244.41,35.0,36322.0,0.0,36321.0,36321.0,1.0,0.0,0.0
2026-04-01 14:31:58,68,1.254677e+06,6.9986029e+07,2.7489702e+07,0.0,0.0,0.0,108964.0,9905.0,878.0,2.11492864e+08,1.316130816e+09,3254.71,30.0,36440.0,0.0,36439.0,36439.0,1.0,0.0,0.0
2026-04-01 14:32:11,68,1.259055e+06,7.0221385e+07,2.758326e+07,0.0,0.0,0.0,109325.0,9938.0,881.0,2.11755008e+08,1.316130816e+09,3264.83,30.0,36561.0,0.0,36560.0,36560.0,1.0,0.0,0.0
2026-04-01 14:32:23,68,1.263309e+06,7.0467621e+07,2.767956e+07,0.0,0.0,0.0,109703.0,9973.0,884.0,2.12279296e+08,1.316130816e+09,3274.96,30.0,36688.0,0.0,36687.0,36687.0,1.0,0.0,0.0
2026-04-01 14:32:36,68,1.268019e+06,7.0724455e+07,2.7770446e+07,0.0,0.0,0.0,110102.0,10009.0,887.0,2.12410368e+08,1.316130816e+09,3285.0299999999997,29.0,36822.0,0.0,36821.0,36821.0,1.0,0.0,0.0
2026-04-01 14:32:48,69,1.272518e+06,7.0970662e+07,2.7866714e+07,0.0,0.0,0.0,110494.0,10044.0,890.0,2.12672512e+08,1.316130816e+09,3295.15,31.0,36952.0,0.0,36951.0,36951.0,1.0,0.0,0.0
2026-04-01 14:33:00,69,1.27673e+06,7.1211522e+07,2.79576e+07,0.0,0.0,0.0,110859.0,10078.0,893.0,2.131968e+08,1.316130816e+09,3305.2599999999998,30.0,37075.0,0.0,37074.0,37074.0,1.0,0.0,0.0
2026-04-01 14:33:12,69,1.28076e+06,7.144179e+07,2.8051196e+07,0.0,0.0,0.0,111223.0,10111.0,896.0,2.13327872e+08,1.316130816e+09,3315.51,35.0,37196.0,0.0,37195.0,37195.0,1.0,0.0,0.0
2026-04-01 14:33:24,69,1.285491e+06,7.1701351e+07,2.8176862e+07,0.0,0.0,0.0,111632.0,10148.0,900.0,2.13983232e+08,1.316130816e+09,3325.63,30.0,37333.0,0.0,37332.0,37332.0,1.0,0.0,0.0
2026-04-01 14:33:37,69,1.289677e+06,7.193423e+07,2.824106e+07,0.0,0.0,0.0,112000.0,10181.0,902.0,2.14376448e+08,1.316130816e+09,3335.74,35.0,37456.0,0.0,37455.0,37455.0,1.0,0.0,0.0
