timestamp,elapsed_min,cpu_perc,mem_usage_mb,mem_limit_mb,mem_perc,net_io,block_io
2026-04-01 11:41:51,0,28.94,124.3MB,34068.5,0.37,8.548MB / 337.8kB,0B / 0B
2026-04-01 11:42:03,0,42.45,126.1MB,34068.5,0.38,18.97MB / 736.2kB,0B / 0B
2026-04-01 11:42:15,0,49.62,128MB,34068.5,0.38,29.5MB / 1.14MB,0B / 0B
2026-04-01 11:42:27,0,53.31,127.7MB,34068.5,0.38,39.93MB / 1.541MB,0B / 0B
2026-04-01 11:42:39,0,55.06,127.7MB,34068.5,0.38,50.35MB / 1.938MB,0B / 0B
2026-04-01 11:42:51,1,56.40,127.7MB,34068.5,0.38,60.77MB / 2.34MB,0B / 0B
2026-04-01 11:43:03,1,57.41,128.2MB,34068.5,0.39,71.09MB / 2.732MB,0B / 0B
2026-04-01 11:43:15,1,58.38,127.8MB,34068.5,0.38,81.41MB / 3.127MB,0B / 0B
2026-04-01 11:43:27,1,58.91,128.5MB,34068.5,0.39,91.73MB / 3.523MB,0B / 0B
2026-04-01 11:43:39,1,59.79,128.3MB,34068.5,0.39,102.2MB / 3.921MB,0B / 0B
2026-04-01 11:43:51,2,60.44,127.6MB,34068.5,0.38,112.6MB / 4.321MB,0B / 0B
2026-04-01 11:44:02,2,61.07,128MB,34068.5,0.38,123MB / 4.72MB,0B / 0B
2026-04-01 11:44:14,2,61.26,127.4MB,34068.5,0.38,133.3MB / 5.118MB,0B / 0B
2026-04-01 11:44:26,2,61.61,128.8MB,34068.5,0.39,143.9MB / 5.519MB,0B / 0B
2026-04-01 11:44:38,2,61.95,127.9MB,34068.5,0.38,154.4MB / 5.922MB,0B / 0B
2026-04-01 11:44:51,3,62.31,128MB,34068.5,0.38,164.7MB / 6.318MB,0B / 0B
2026-04-01 11:45:02,3,62.43,128.4MB,34068.5,0.39,175MB / 6.715MB,0B / 0B
2026-04-01 11:45:14,3,62.23,128.8MB,34068.5,0.39,185.4MB / 7.113MB,0B / 0B
2026-04-01 11:45:26,3,62.49,127.7MB,34068.5,0.38,195.8MB / 7.508MB,0B / 0B
2026-04-01 11:45:38,3,62.68,128MB,34068.5,0.38,206MB / 7.9MB,0B / 0B
2026-04-01 11:45:50,3,62.80,128MB,34068.5,0.38,216.4MB / 8.298MB,0B / 0B
2026-04-01 11:46:02,4,63.05,128.2MB,34068.5,0.39,226.8MB / 8.698MB,0B / 0B
2026-04-01 11:46:14,4,63.47,129.3MB,34068.5,0.39,237.4MB / 9.101MB,0B / 0B
2026-04-01 11:46:26,4,63.55,128.1MB,34068.5,0.39,247.7MB / 9.498MB,0B / 0B
2026-04-01 11:46:38,4,63.65,128.4MB,34068.5,0.39,258.1MB / 9.897MB,0B / 0B
2026-04-01 11:46:50,4,63.77,129.1MB,34068.5,0.39,268.6MB / 10.3MB,0B / 0B
2026-04-01 11:47:02,5,63.87,128MB,34068.5,0.38,278.9MB / 10.69MB,0B / 0B
2026-04-01 11:47:14,5,64.01,128.6MB,34068.5,0.39,289.5MB / 11.09MB,0B / 0B
2026-04-01 11:47:26,5,64.11,129.3MB,34068.5,0.39,299.9MB / 11.49MB,0B / 0B
2026-04-01 11:47:38,5,64.21,128.7MB,34068.5,0.39,310.3MB / 11.89MB,0B / 0B
2026-04-01 11:47:50,5,64.17,129.2MB,34068.5,0.39,320.7MB / 12.29MB,0B / 0B
2026-04-01 11:48:02,6,64.27,128.8MB,34068.5,0.39,331.1MB / 12.69MB,0B / 0B
2026-04-01 11:48:14,6,64.30,129.5MB,34068.5,0.39,341.5MB / 13.08MB,0B / 0B
2026-04-01 11:48:26,6,64.38,129.2MB,34068.5,0.39,351.8MB / 13.48MB,0B / 0B
2026-04-01 11:48:37,6,64.38,129.7MB,34068.5,0.39,362.2MB / 13.88MB,0B / 0B
2026-04-01 11:48:49,6,64.45,128.6MB,34068.5,0.39,372.5MB / 14.27MB,0B / 0B
2026-04-01 11:49:01,7,64.42,129.3MB,34068.5,0.39,382.9MB / 14.67MB,0B / 0B
2026-04-01 11:49:13,7,64.43,129.6MB,34068.5,0.39,393.3MB / 15.07MB,0B / 0B
2026-04-01 11:49:25,7,64.49,129.1MB,34068.5,0.39,403.7MB / 15.46MB,0B / 0B
2026-04-01 11:49:37,7,64.44,129.7MB,34068.5,0.39,414MB / 15.86MB,0B / 0B
2026-04-01 11:49:49,7,64.48,129MB,34068.5,0.39,424.4MB / 16.25MB,0B / 0B
2026-04-01 11:50:01,8,64.50,130.1MB,34068.5,0.39,434.8MB / 16.65MB,0B / 0B
2026-04-01 11:50:13,8,64.50,129.8MB,34068.5,0.39,445.1MB / 17.04MB,0B / 0B
2026-04-01 11:50:25,8,64.57,129.2MB,34068.5,0.39,455.4MB / 17.44MB,0B / 0B
2026-04-01 11:50:37,8,64.69,129.9MB,34068.5,0.39,465.8MB / 17.84MB,0B / 0B
2026-04-01 11:50:49,8,64.68,130.1MB,34068.5,0.39,476.2MB / 18.23MB,0B / 0B
2026-04-01 11:51:01,9,64.70,130.1MB,34068.5,0.39,486.6MB / 18.63MB,0B / 0B
2026-04-01 11:51:13,9,64.73,129.6MB,34068.5,0.39,496.8MB / 19.03MB,0B / 0B
2026-04-01 11:51:24,9,64.74,130.2MB,34068.5,0.39,507.2MB / 19.42MB,0B / 0B
2026-04-01 11:51:36,9,64.81,130.3MB,34068.5,0.39,517.5MB / 19.82MB,0B / 0B
2026-04-01 11:51:48,9,63.97,129.3MB,34068.5,0.39,520.8MB / 19.95MB,0B / 0B
2026-04-01 11:52:00,10,62.78,128.9MB,34068.5,0.39,520.8MB / 19.95MB,0B / 0B
2026-04-01 11:52:12,10,61.64,129.1MB,34068.5,0.39,520.8MB / 19.96MB,0B / 0B
2026-04-01 11:52:24,10,60.55,128.9MB,34068.5,0.39,520.8MB / 19.96MB,0B / 0B
2026-04-01 11:52:36,10,59.50,128.9MB,34068.5,0.39,520.8MB / 19.97MB,0B / 0B
2026-04-01 11:52:48,10,59.20,130.1MB,34068.5,0.39,527.3MB / 20.22MB,0B / 0B
2026-04-01 11:53:00,11,59.31,130.7MB,34068.5,0.39,537.6MB / 20.61MB,0B / 0B
2026-04-01 11:53:11,11,59.48,130.2MB,34068.5,0.39,547.9MB / 21.01MB,0B / 0B
2026-04-01 11:53:23,11,59.61,130.7MB,34068.5,0.39,558.1MB / 21.4MB,0B / 0B
2026-04-01 11:53:35,11,59.70,130.6MB,34068.5,0.39,568.3MB / 21.79MB,0B / 0B
2026-04-01 11:53:47,11,59.85,130.8MB,34068.5,0.39,578.8MB / 22.19MB,0B / 0B
2026-04-01 11:53:59,12,60.03,130.5MB,34068.5,0.39,589.3MB / 22.59MB,0B / 0B
2026-04-01 11:54:11,12,60.15,130.4MB,34068.5,0.39,599.6MB / 22.99MB,0B / 0B
2026-04-01 11:54:23,12,60.25,130.4MB,34068.5,0.39,610MB / 23.39MB,0B / 0B
2026-04-01 11:54:35,12,60.38,131.3MB,34068.5,0.39,620.3MB / 23.78MB,0B / 0B
2026-04-01 11:54:47,12,60.53,130.7MB,34068.5,0.39,630.7MB / 24.18MB,0B / 0B
2026-04-01 11:54:59,13,60.62,131.3MB,34068.5,0.39,641.2MB / 24.58MB,0B / 0B
2026-04-01 11:55:11,13,60.73,130.4MB,34068.5,0.39,651.5MB / 24.98MB,0B / 0B
2026-04-01 11:55:23,13,60.80,130.4MB,34068.5,0.39,661.9MB / 25.38MB,0B / 0B
2026-04-01 11:55:35,13,60.85,131.2MB,34068.5,0.39,672.3MB / 25.78MB,0B / 0B
2026-04-01 11:55:47,13,60.97,131.1MB,34068.5,0.39,682.8MB / 26.17MB,0B / 0B
2026-04-01 11:55:59,14,61.02,101.1MB,34068.5,0.30,693.3MB / 26.58MB,0B / 0B
2026-04-01 11:56:11,14,61.11,101.8MB,34068.5,0.31,703.7MB / 26.98MB,0B / 0B
2026-04-01 11:56:23,14,61.19,101.4MB,34068.5,0.30,714MB / 27.37MB,0B / 0B
2026-04-01 11:56:35,14,61.27,101.4MB,34068.5,0.30,724.3MB / 27.76MB,0B / 0B
2026-04-01 11:56:47,14,61.32,102.2MB,34068.5,0.31,734.7MB / 28.16MB,0B / 0B
2026-04-01 11:56:59,15,61.35,101MB,34068.5,0.30,745.1MB / 28.56MB,0B / 0B
2026-04-01 11:57:11,15,61.47,101.5MB,34068.5,0.31,755.5MB / 28.96MB,0B / 0B
2026-04-01 11:57:23,15,61.53,101.6MB,34068.5,0.31,766MB / 29.36MB,0B / 0B
2026-04-01 11:57:35,15,61.62,101.4MB,34068.5,0.30,776.4MB / 29.76MB,0B / 0B
2026-04-01 11:57:46,15,61.68,101.7MB,34068.5,0.31,786.8MB / 30.16MB,0B / 0B
2026-04-01 11:57:58,16,61.76,102.5MB,34068.5,0.31,797.1MB / 30.55MB,0B / 0B
2026-04-01 11:58:10,16,61.78,101.3MB,34068.5,0.30,807.3MB / 30.94MB,0B / 0B
2026-04-01 11:58:22,16,61.84,101.2MB,34068.5,0.30,817.7MB / 31.34MB,0B / 0B
2026-04-01 11:58:34,16,61.90,101.5MB,34068.5,0.31,828MB / 31.74MB,0B / 0B
2026-04-01 11:58:46,16,61.94,102.2MB,34068.5,0.31,838.4MB / 32.13MB,0B / 0B
2026-04-01 11:58:58,17,62.05,101.4MB,34068.5,0.30,848.8MB / 32.53MB,0B / 0B
2026-04-01 11:59:10,17,62.10,101.7MB,34068.5,0.31,859.2MB / 32.93MB,0B / 0B
2026-04-01 11:59:22,17,62.17,102.7MB,34068.5,0.31,869.6MB / 33.33MB,0B / 0B
2026-04-01 11:59:34,17,62.20,101.9MB,34068.5,0.31,880MB / 33.73MB,0B / 0B
2026-04-01 11:59:46,17,62.29,102.5MB,34068.5,0.31,890.6MB / 34.13MB,0B / 0B
2026-04-01 11:59:58,18,62.32,101.6MB,34068.5,0.31,901MB / 34.53MB,0B / 0B
2026-04-01 12:00:10,18,62.36,101.6MB,34068.5,0.31,911.5MB / 34.93MB,0B / 0B
2026-04-01 12:00:22,18,62.43,102.8MB,34068.5,0.31,922MB / 35.34MB,0B / 0B
2026-04-01 12:00:34,18,62.44,102.4MB,34068.5,0.31,932.3MB / 35.73MB,0B / 0B
2026-04-01 12:00:46,18,62.53,101.8MB,34068.5,0.31,942.7MB / 36.13MB,0B / 0B
2026-04-01 12:00:58,19,62.55,102.1MB,34068.5,0.31,953.2MB / 36.53MB,0B / 0B
2026-04-01 12:01:10,19,62.62,102MB,34068.5,0.31,963.7MB / 36.93MB,0B / 0B
2026-04-01 12:01:22,19,62.67,102.9MB,34068.5,0.31,974.1MB / 37.33MB,0B / 0B
2026-04-01 12:01:34,19,62.72,102.7MB,34068.5,0.31,984.4MB / 37.73MB,0B / 0B
2026-04-01 12:01:46,19,62.75,103MB,34068.5,0.31,994.9MB / 38.13MB,0B / 0B
2026-04-01 12:01:58,20,62.82,102.8MB,34068.5,0.31,1.005GB / 38.53MB,0B / 0B
2026-04-01 12:02:10,20,62.86,103.8MB,34068.5,0.31,1.016GB / 38.93MB,0B / 0B
2026-04-01 12:02:22,20,62.88,102.3MB,34068.5,0.31,1.026GB / 39.33MB,0B / 0B
2026-04-01 12:02:34,20,62.95,103MB,34068.5,0.31,1.037GB / 39.73MB,0B / 0B
2026-04-01 12:02:46,20,62.70,102MB,34068.5,0.31,1.042GB / 39.95MB,0B / 0B
2026-04-01 12:02:58,21,62.13,101.7MB,34068.5,0.31,1.042GB / 39.95MB,0B / 0B
2026-04-01 12:03:10,21,61.58,101.7MB,34068.5,0.31,1.042GB / 39.96MB,0B / 0B
2026-04-01 12:03:21,21,61.03,101.7MB,34068.5,0.31,1.042GB / 39.96MB,0B / 0B
2026-04-01 12:03:33,21,60.50,101.7MB,34068.5,0.31,1.042GB / 39.97MB,0B / 0B
2026-04-01 12:03:45,21,60.20,103.7MB,34068.5,0.31,1.046GB / 40.13MB,0B / 0B
2026-04-01 12:03:57,22,60.27,103MB,34068.5,0.31,1.057GB / 40.53MB,0B / 0B
2026-04-01 12:04:09,22,60.35,103.2MB,34068.5,0.31,1.067GB / 40.93MB,0B / 0B
2026-04-01 12:04:20,22,60.39,102.6MB,34068.5,0.31,1.077GB / 41.32MB,0B / 0B
2026-04-01 12:04:32,22,60.45,103.1MB,34068.5,0.31,1.088GB / 41.72MB,0B / 0B
2026-04-01 12:04:44,22,60.50,103.4MB,34068.5,0.31,1.098GB / 42.12MB,0B / 0B
2026-04-01 12:04:56,23,60.54,103MB,34068.5,0.31,1.109GB / 42.52MB,0B / 0B
2026-04-01 12:05:08,23,60.59,102.8MB,34068.5,0.31,1.119GB / 42.92MB,0B / 0B
2026-04-01 12:05:19,23,60.62,103.1MB,34068.5,0.31,1.129GB / 43.31MB,0B / 0B
2026-04-01 12:05:31,23,60.68,103.8MB,34068.5,0.31,1.14GB / 43.71MB,0B / 0B
2026-04-01 12:05:43,23,60.74,103.3MB,34068.5,0.31,1.15GB / 44.11MB,0B / 0B
2026-04-01 12:05:55,24,60.76,102.9MB,34068.5,0.31,1.16GB / 44.5MB,0B / 0B
2026-04-01 12:06:07,24,60.81,103.6MB,34068.5,0.31,1.171GB / 44.9MB,0B / 0B
2026-04-01 12:06:19,24,60.86,103.4MB,34068.5,0.31,1.181GB / 45.3MB,0B / 0B
2026-04-01 12:06:31,24,60.90,103.8MB,34068.5,0.31,1.192GB / 45.71MB,0B / 0B
2026-04-01 12:06:43,24,60.93,103MB,34068.5,0.31,1.202GB / 46.1MB,0B / 0B
2026-04-01 12:06:55,25,60.98,103.9MB,34068.5,0.31,1.213GB / 46.51MB,0B / 0B
2026-04-01 12:07:07,25,61.02,103.8MB,34068.5,0.31,1.223GB / 46.9MB,0B / 0B
2026-04-01 12:07:19,25,61.06,103.5MB,34068.5,0.31,1.233GB / 47.3MB,0B / 0B
2026-04-01 12:07:31,25,61.11,103.9MB,34068.5,0.31,1.244GB / 47.71MB,0B / 0B
2026-04-01 12:07:43,25,61.13,103.5MB,34068.5,0.31,1.254GB / 48.11MB,0B / 0B
2026-04-01 12:07:55,26,61.17,103.3MB,34068.5,0.31,1.264GB / 48.5MB,0B / 0B
2026-04-01 12:08:07,26,61.23,104.5MB,34068.5,0.31,1.275GB / 48.9MB,0B / 0B
2026-04-01 12:08:19,26,61.27,103.9MB,34068.5,0.31,1.285GB / 49.3MB,0B / 0B
2026-04-01 12:08:31,26,61.31,104.3MB,34068.5,0.31,1.296GB / 49.7MB,0B / 0B
2026-04-01 12:08:43,26,61.35,103.5MB,34068.5,0.31,1.306GB / 50.1MB,0B / 0B
2026-04-01 12:08:55,27,61.40,103.5MB,34068.5,0.31,1.317GB / 50.5MB,0B / 0B
2026-04-01 12:09:07,27,61.43,103.9MB,34068.5,0.31,1.327GB / 50.9MB,0B / 0B
2026-04-01 12:09:19,27,61.49,103.5MB,34068.5,0.31,1.338GB / 51.3MB,0B / 0B
2026-04-01 12:09:31,27,61.53,103.8MB,34068.5,0.31,1.348GB / 51.71MB,0B / 0B
2026-04-01 12:09:43,27,61.54,104.2MB,34068.5,0.31,1.358GB / 52.11MB,0B / 0B
2026-04-01 12:09:55,28,61.58,104.3MB,34068.5,0.31,1.369GB / 52.5MB,0B / 0B
2026-04-01 12:10:07,28,61.61,103.6MB,34068.5,0.31,1.379GB / 52.9MB,0B / 0B
2026-04-01 12:10:19,28,61.62,104.3MB,34068.5,0.31,1.39GB / 53.3MB,0B / 0B
2026-04-01 12:10:31,28,61.68,103.6MB,34068.5,0.31,1.4GB / 53.7MB,0B / 0B
2026-04-01 12:10:43,28,61.70,103.9MB,34068.5,0.31,1.41GB / 54.1MB,0B / 0B
2026-04-01 12:10:55,29,61.72,104MB,34068.5,0.31,1.421GB / 54.49MB,0B / 0B
2026-04-01 12:11:07,29,61.77,104MB,34068.5,0.31,1.431GB / 54.89MB,0B / 0B
2026-04-01 12:11:19,29,61.79,103.8MB,34068.5,0.31,1.442GB / 55.29MB,0B / 0B
2026-04-01 12:11:31,29,61.83,104MB,34068.5,0.31,1.452GB / 55.69MB,0B / 0B
2026-04-01 12:11:43,29,61.89,104.3MB,34068.5,0.31,1.463GB / 56.09MB,0B / 0B
2026-04-01 12:11:55,30,61.90,105.4MB,34068.5,0.32,1.473GB / 56.49MB,0B / 0B
2026-04-01 12:12:07,30,61.93,104.5MB,34068.5,0.31,1.483GB / 56.89MB,0B / 0B
2026-04-01 12:12:19,30,61.99,104.7MB,34068.5,0.31,1.494GB / 57.29MB,0B / 0B
2026-04-01 12:12:31,30,62.03,104.3MB,34068.5,0.31,1.504GB / 57.69MB,0B / 0B
2026-04-01 12:12:43,30,62.06,104.1MB,34068.5,0.31,1.515GB / 58.09MB,0B / 0B
2026-04-01 12:12:55,31,62.09,104MB,34068.5,0.31,1.525GB / 58.49MB,0B / 0B
2026-04-01 12:13:07,31,62.12,105MB,34068.5,0.32,1.535GB / 58.89MB,0B / 0B
2026-04-01 12:13:19,31,62.16,104.5MB,34068.5,0.31,1.546GB / 59.28MB,0B / 0B
2026-04-01 12:13:31,31,62.21,104.6MB,34068.5,0.31,1.556GB / 59.68MB,0B / 0B
2026-04-01 12:13:42,31,62.16,104MB,34068.5,0.31,1.565GB / 60.01MB,0B / 0B
2026-04-01 12:13:54,32,61.78,104MB,34068.5,0.31,1.565GB / 60.01MB,0B / 0B
2026-04-01 12:14:06,32,61.42,103.7MB,34068.5,0.31,1.565GB / 60.02MB,0B / 0B
2026-04-01 12:14:18,32,61.05,104MB,34068.5,0.31,1.565GB / 60.02MB,0B / 0B
2026-04-01 12:14:30,32,60.69,103.7MB,34068.5,0.31,1.565GB / 60.03MB,0B / 0B
2026-04-01 12:14:42,32,60.38,104.6MB,34068.5,0.31,1.566GB / 60.08MB,0B / 0B
2026-04-01 12:14:54,33,60.40,104MB,34068.5,0.31,1.576GB / 60.48MB,0B / 0B
2026-04-01 12:15:06,33,60.45,104.5MB,34068.5,0.31,1.587GB / 60.88MB,0B / 0B
2026-04-01 12:15:18,33,60.48,105MB,34068.5,0.32,1.597GB / 61.27MB,0B / 0B
2026-04-01 12:15:30,33,60.53,104MB,34068.5,0.31,1.607GB / 61.67MB,0B / 0B
2026-04-01 12:15:42,33,60.56,105.1MB,34068.5,0.32,1.618GB / 62.06MB,0B / 0B
2026-04-01 12:15:54,34,60.60,105.9MB,34068.5,0.32,1.628GB / 62.46MB,0B / 0B
2026-04-01 12:16:05,34,60.64,104.5MB,34068.5,0.31,1.638GB / 62.86MB,0B / 0B
2026-04-01 12:16:17,34,60.66,104.8MB,34068.5,0.31,1.649GB / 63.25MB,0B / 0B
2026-04-01 12:16:29,34,60.71,105.1MB,34068.5,0.32,1.659GB / 63.66MB,0B / 0B
2026-04-01 12:16:41,34,60.76,105.3MB,34068.5,0.32,1.67GB / 64.06MB,0B / 0B
2026-04-01 12:16:53,35,60.80,105.6MB,34068.5,0.32,1.68GB / 64.46MB,0B / 0B
2026-04-01 12:17:05,35,60.83,105.3MB,34068.5,0.32,1.691GB / 64.85MB,0B / 0B
2026-04-01 12:17:17,35,60.86,106.2MB,34068.5,0.32,1.701GB / 65.25MB,0B / 0B
2026-04-01 12:17:29,35,60.93,105.5MB,34068.5,0.32,1.712GB / 65.66MB,0B / 0B
2026-04-01 12:17:41,35,60.96,105MB,34068.5,0.32,1.722GB / 66.05MB,0B / 0B
2026-04-01 12:17:53,36,61.00,105.9MB,34068.5,0.32,1.732GB / 66.45MB,0B / 0B
2026-04-01 12:18:05,36,61.03,105.5MB,34068.5,0.32,1.743GB / 66.85MB,0B / 0B
2026-04-01 12:18:17,36,61.05,104.9MB,34068.5,0.32,1.753GB / 67.25MB,0B / 0B
2026-04-01 12:18:29,36,61.09,105MB,34068.5,0.32,1.764GB / 67.65MB,0B / 0B
2026-04-01 12:18:41,36,61.10,105.8MB,34068.5,0.32,1.774GB / 68.05MB,0B / 0B
2026-04-01 12:18:53,37,61.12,105.8MB,34068.5,0.32,1.784GB / 68.44MB,0B / 0B
2026-04-01 12:19:05,37,61.15,105.4MB,34068.5,0.32,1.795GB / 68.84MB,0B / 0B
2026-04-01 12:19:17,37,61.17,106.3MB,34068.5,0.32,1.805GB / 69.24MB,0B / 0B
2026-04-01 12:19:29,37,61.19,105.3MB,34068.5,0.32,1.815GB / 69.63MB,0B / 0B
2026-04-01 12:19:41,37,61.23,106.2MB,34068.5,0.32,1.826GB / 70.02MB,0B / 0B
2026-04-01 12:19:53,38,61.25,105.6MB,34068.5,0.32,1.836GB / 70.42MB,0B / 0B
2026-04-01 12:20:05,38,61.28,106.1MB,34068.5,0.32,1.846GB / 70.82MB,0B / 0B
2026-04-01 12:20:17,38,61.32,105.5MB,34068.5,0.32,1.857GB / 71.22MB,0B / 0B
2026-04-01 12:20:29,38,61.35,106.1MB,34068.5,0.32,1.867GB / 71.61MB,0B / 0B
2026-04-01 12:20:41,38,61.38,105.6MB,34068.5,0.32,1.877GB / 72.01MB,0B / 0B
2026-04-01 12:20:52,39,61.41,106.6MB,34068.5,0.32,1.888GB / 72.41MB,0B / 0B
2026-04-01 12:21:04,39,61.43,106.4MB,34068.5,0.32,1.898GB / 72.81MB,0B / 0B
2026-04-01 12:21:16,39,61.47,105.8MB,34068.5,0.32,1.909GB / 73.21MB,0B / 0B
2026-04-01 12:21:28,39,61.51,106.4MB,34068.5,0.32,1.919GB / 73.61MB,0B / 0B
2026-04-01 12:21:40,39,61.55,106.6MB,34068.5,0.32,1.93GB / 74MB,0B / 0B
2026-04-01 12:21:52,40,61.58,106.5MB,34068.5,0.32,1.94GB / 74.4MB,0B / 0B
2026-04-01 12:22:04,40,61.60,106.7MB,34068.5,0.32,1.95GB / 74.8MB,0B / 0B
2026-04-01 12:22:16,40,61.63,106.2MB,34068.5,0.32,1.961GB / 75.2MB,0B / 0B
2026-04-01 12:22:28,40,61.65,106.9MB,34068.5,0.32,1.971GB / 75.6MB,0B / 0B
2026-04-01 12:22:40,40,61.69,106.1MB,34068.5,0.32,1.982GB / 76MB,0B / 0B
2026-04-01 12:22:52,41,61.72,106.9MB,34068.5,0.32,1.992GB / 76.39MB,0B / 0B
2026-04-01 12:23:04,41,61.74,107.1MB,34068.5,0.32,2.002GB / 76.79MB,0B / 0B
2026-04-01 12:23:16,41,61.76,106.2MB,34068.5,0.32,2.013GB / 77.19MB,0B / 0B
2026-04-01 12:23:28,41,61.79,107MB,34068.5,0.32,2.023GB / 77.59MB,0B / 0B
2026-04-01 12:23:40,41,61.82,107.1MB,34068.5,0.32,2.034GB / 77.99MB,0B / 0B
2026-04-01 12:23:52,42,61.85,106.9MB,34068.5,0.32,2.044GB / 78.39MB,0B / 0B
2026-04-01 12:24:04,42,61.93,105.9MB,34068.5,0.32,2.054GB / 78.78MB,0B / 0B
2026-04-01 12:24:16,42,61.98,106.9MB,34068.5,0.32,2.065GB / 79.18MB,0B / 0B
2026-04-01 12:24:28,42,62.04,106.8MB,34068.5,0.32,2.075GB / 79.58MB,0B / 0B
2026-04-01 12:24:40,42,62.10,106.9MB,34068.5,0.32,2.085GB / 79.97MB,0B / 0B
2026-04-01 12:24:52,43,61.82,105.7MB,34068.5,0.32,2.085GB / 79.98MB,0B / 0B
2026-04-01 12:25:04,43,61.55,106MB,34068.5,0.32,2.085GB / 79.98MB,0B / 0B
2026-04-01 12:25:16,43,61.27,106MB,34068.5,0.32,2.085GB / 79.99MB,0B / 0B
2026-04-01 12:25:28,43,61.00,105.7MB,34068.5,0.32,2.085GB / 79.99MB,0B / 0B
2026-04-01 12:25:40,43,60.73,105.7MB,34068.5,0.32,2.085GB / 80MB,0B / 0B
2026-04-01 12:25:52,44,60.74,106.6MB,34068.5,0.32,2.095GB / 80.37MB,0B / 0B
2026-04-01 12:26:04,44,60.76,106.8MB,34068.5,0.32,2.105GB / 80.77MB,0B / 0B
2026-04-01 12:26:15,44,60.80,107.1MB,34068.5,0.32,2.116GB / 81.17MB,0B / 0B
2026-04-01 12:26:27,44,60.82,106.8MB,34068.5,0.32,2.126GB / 81.57MB,0B / 0B
2026-04-01 12:26:39,44,60.84,107.6MB,34068.5,0.32,2.137GB / 81.97MB,0B / 0B
2026-04-01 12:26:51,45,60.87,107.2MB,34068.5,0.32,2.147GB / 82.37MB,0B / 0B
2026-04-01 12:27:03,45,60.91,107.9MB,34068.5,0.32,2.157GB / 82.77MB,0B / 0B
2026-04-01 12:27:16,45,60.98,106.4MB,34068.5,0.32,2.168GB / 83.17MB,0B / 0B
2026-04-01 12:27:28,45,61.02,107.5MB,34068.5,0.32,2.178GB / 83.57MB,0B / 0B
2026-04-01 12:27:40,45,61.06,107.4MB,34068.5,0.32,2.189GB / 83.96MB,0B / 0B
2026-04-01 12:27:52,46,61.10,106.8MB,34068.5,0.32,2.199GB / 84.36MB,0B / 0B
2026-04-01 12:28:04,46,61.14,106.8MB,34068.5,0.32,2.209GB / 84.75MB,0B / 0B
2026-04-01 12:28:16,46,61.20,106.7MB,34068.5,0.32,2.22GB / 85.16MB,0B / 0B
2026-04-01 12:28:28,46,61.25,108MB,34068.5,0.32,2.23GB / 85.55MB,0B / 0B
2026-04-01 12:28:40,46,61.28,107.1MB,34068.5,0.32,2.24GB / 85.95MB,0B / 0B
2026-04-01 12:28:52,47,61.30,107.2MB,34068.5,0.32,2.251GB / 86.34MB,0B / 0B
2026-04-01 12:29:04,47,61.33,107.7MB,34068.5,0.32,2.261GB / 86.74MB,0B / 0B
2026-04-01 12:29:16,47,61.39,107.5MB,34068.5,0.32,2.271GB / 87.13MB,0B / 0B
2026-04-01 12:29:28,47,61.44,107.1MB,34068.5,0.32,2.282GB / 87.53MB,0B / 0B
2026-04-01 12:29:40,47,61.46,107.1MB,34068.5,0.32,2.292GB / 87.93MB,0B / 0B
2026-04-01 12:29:52,48,61.51,107.4MB,34068.5,0.32,2.303GB / 88.33MB,0B / 0B
2026-04-01 12:30:04,48,61.55,107.5MB,34068.5,0.32,2.313GB / 88.73MB,0B / 0B
2026-04-01 12:30:15,48,61.60,107.6MB,34068.5,0.32,2.323GB / 89.13MB,0B / 0B
2026-04-01 12:30:27,48,61.63,106.9MB,34068.5,0.32,2.334GB / 89.53MB,0B / 0B
2026-04-01 12:30:39,48,61.66,108.2MB,34068.5,0.33,2.344GB / 89.93MB,0B / 0B
2026-04-01 12:30:51,49,61.69,107.7MB,34068.5,0.32,2.355GB / 90.33MB,0B / 0B
2026-04-01 12:31:03,49,61.72,107.1MB,34068.5,0.32,2.365GB / 90.72MB,0B / 0B
2026-04-01 12:31:16,49,61.76,107.9MB,34068.5,0.32,2.375GB / 91.13MB,0B / 0B
2026-04-01 12:31:28,49,61.78,107.6MB,34068.5,0.32,2.386GB / 91.52MB,0B / 0B
2026-04-01 12:31:40,49,61.81,107.3MB,34068.5,0.32,2.396GB / 91.92MB,0B / 0B
2026-04-01 12:31:52,50,61.85,107.7MB,34068.5,0.32,2.407GB / 92.32MB,0B / 335.9kB
2026-04-01 12:32:04,50,61.89,107.4MB,34068.5,0.32,2.417GB / 92.71MB,0B / 335.9kB
2026-04-01 12:32:16,50,61.96,107.5MB,34068.5,0.32,2.427GB / 93.1MB,0B / 413.7kB
2026-04-01 12:32:28,50,62.04,106.9MB,34068.5,0.32,2.438GB / 93.53MB,0B / 1.13MB
2026-04-01 12:32:41,50,62.05,106.5MB,34068.5,0.32,2.449GB / 93.93MB,0B / 1.13MB
2026-04-01 12:32:53,51,62.09,107.9MB,34068.5,0.32,2.459GB / 94.32MB,0B / 1.13MB
2026-04-01 12:33:05,51,62.11,107.1MB,34068.5,0.32,2.469GB / 94.72MB,0B / 1.13MB
2026-04-01 12:33:17,51,62.15,107MB,34068.5,0.32,2.479GB / 95.11MB,0B / 1.13MB
2026-04-01 12:33:28,51,62.16,107.2MB,34068.5,0.32,2.49GB / 95.51MB,0B / 1.13MB
2026-04-01 12:33:40,51,62.19,107.3MB,34068.5,0.32,2.5GB / 95.91MB,0B / 1.13MB
2026-04-01 12:33:52,52,62.23,107.6MB,34068.5,0.32,2.511GB / 96.3MB,0B / 1.13MB
2026-04-01 12:34:04,52,62.26,107.8MB,34068.5,0.32,2.521GB / 96.71MB,0B / 1.13MB
2026-04-01 12:34:16,52,62.31,107.5MB,34068.5,0.32,2.531GB / 97.1MB,0B / 1.13MB
2026-04-01 12:34:29,52,62.33,107.6MB,34068.5,0.32,2.542GB / 97.5MB,0B / 1.13MB
2026-04-01 12:34:41,52,62.36,106.8MB,34068.5,0.32,2.552GB / 97.89MB,0B / 1.13MB
2026-04-01 12:34:52,53,62.38,107.1MB,34068.5,0.32,2.562GB / 98.29MB,0B / 1.13MB
2026-04-01 12:35:04,53,62.42,107.4MB,34068.5,0.32,2.573GB / 98.69MB,0B / 1.13MB
2026-04-01 12:35:16,53,62.44,107MB,34068.5,0.32,2.583GB / 99.09MB,0B / 1.13MB
2026-04-01 12:35:28,53,62.46,107.5MB,34068.5,0.32,2.594GB / 99.49MB,0B / 1.13MB
2026-04-01 12:35:40,53,62.50,107.5MB,34068.5,0.32,2.604GB / 99.89MB,0B / 1.13MB
2026-04-01 12:35:52,54,62.28,106.2MB,34068.5,0.32,2.604GB / 99.9MB,0B / 1.171MB
2026-04-01 12:36:04,54,62.06,106.2MB,34068.5,0.32,2.604GB / 99.9MB,0B / 1.171MB
2026-04-01 12:36:16,54,61.84,105.5MB,34068.5,0.32,2.604GB / 99.91MB,0B / 1.221MB
2026-04-01 12:36:28,54,61.62,103.2MB,34068.5,0.31,2.604GB / 99.91MB,0B / 1.95MB
2026-04-01 12:36:40,54,61.40,102.8MB,34068.5,0.31,2.604GB / 99.92MB,0B / 2.023MB
2026-04-01 12:36:51,55,61.42,98.67MB,34068.5,0.30,2.614GB / 100.3MB,0B / 5.325MB
2026-04-01 12:37:03,55,61.46,98.83MB,34068.5,0.30,2.624GB / 100.7MB,0B / 5.325MB
2026-04-01 12:37:15,55,61.48,99.14MB,34068.5,0.30,2.634GB / 101.1MB,0B / 5.325MB
2026-04-01 12:37:27,55,61.54,99.51MB,34068.5,0.30,2.645GB / 101.5MB,0B / 5.325MB
2026-04-01 12:37:38,55,61.60,98.91MB,34068.5,0.30,2.655GB / 101.9MB,0B / 5.325MB
2026-04-01 12:37:50,55,61.64,99.62MB,34068.5,0.30,2.666GB / 102.3MB,0B / 5.325MB
2026-04-01 12:38:02,56,61.69,98.92MB,34068.5,0.30,2.676GB / 102.7MB,0B / 5.325MB
2026-04-01 12:38:14,56,61.75,98.64MB,34068.5,0.30,2.687GB / 103.1MB,0B / 5.325MB
2026-04-01 12:38:26,56,61.80,99.53MB,34068.5,0.30,2.697GB / 103.5MB,0B / 5.325MB
2026-04-01 12:38:38,56,61.85,100.1MB,34068.5,0.30,2.707GB / 103.9MB,0B / 5.382MB
2026-04-01 12:38:50,56,61.90,100.1MB,34068.5,0.30,2.718GB / 104.3MB,0B / 5.382MB
2026-04-01 12:39:02,57,61.95,98.69MB,34068.5,0.30,2.728GB / 104.7MB,0B / 5.382MB
2026-04-01 12:39:15,57,62.00,98.98MB,34068.5,0.30,2.739GB / 105.1MB,0B / 5.382MB
2026-04-01 12:39:27,57,62.02,98.73MB,34068.5,0.30,2.749GB / 105.5MB,0B / 5.382MB
2026-04-01 12:39:39,57,62.05,98.88MB,34068.5,0.30,2.76GB / 105.9MB,0B / 5.382MB
2026-04-01 12:39:51,58,62.08,99.72MB,34068.5,0.30,2.77GB / 106.3MB,0B / 5.382MB
2026-04-01 12:40:03,58,62.09,98.98MB,34068.5,0.30,2.78GB / 106.7MB,0B / 5.382MB
2026-04-01 12:40:15,58,62.14,99.33MB,34068.5,0.30,2.791GB / 107.1MB,0B / 5.382MB
2026-04-01 12:40:28,58,62.24,98.69MB,34068.5,0.30,2.801GB / 107.5MB,0B / 5.661MB
2026-04-01 12:40:40,58,62.32,98.12MB,34068.5,0.29,2.812GB / 107.9MB,8.192kB / 5.956MB
2026-04-01 12:40:53,59,62.38,97.75MB,34068.5,0.29,2.823GB / 108.3MB,8.192kB / 5.956MB
2026-04-01 12:41:05,59,62.42,97.98MB,34068.5,0.29,2.833GB / 108.7MB,8.192kB / 6.009MB
2026-04-01 12:41:17,59,62.45,98.36MB,34068.5,0.30,2.843GB / 109.1MB,8.192kB / 6.009MB
2026-04-01 12:41:29,59,62.46,98.05MB,34068.5,0.29,2.854GB / 109.5MB,20.48kB / 6.009MB
2026-04-01 12:41:41,59,62.50,99.12MB,34068.5,0.30,2.864GB / 109.9MB,20.48kB / 6.009MB
2026-04-01 12:41:53,60,62.53,98.26MB,34068.5,0.30,2.875GB / 110.3MB,20.48kB / 6.316MB
2026-04-01 12:42:05,60,62.56,97.51MB,34068.5,0.29,2.885GB / 110.7MB,20.48kB / 6.664MB
2026-04-01 12:42:17,60,62.59,98.25MB,34068.5,0.30,2.895GB / 111.1MB,20.48kB / 6.664MB
2026-04-01 12:42:29,60,62.61,96.05MB,34068.5,0.29,2.906GB / 111.5MB,20.48kB / 7.84MB
2026-04-01 12:42:41,60,62.66,95.93MB,34068.5,0.29,2.916GB / 111.9MB,20.48kB / 7.84MB
2026-04-01 12:42:53,61,62.69,97.12MB,34068.5,0.29,2.927GB / 112.3MB,20.48kB / 7.84MB
2026-04-01 12:43:05,61,62.72,96.83MB,34068.5,0.29,2.937GB / 112.7MB,20.48kB / 7.84MB
2026-04-01 12:43:17,61,62.73,97.31MB,34068.5,0.29,2.948GB / 113.1MB,20.48kB / 7.84MB
2026-04-01 12:43:29,61,62.73,96.32MB,34068.5,0.29,2.958GB / 113.5MB,20.48kB / 7.844MB
2026-04-01 12:43:41,61,62.77,96.51MB,34068.5,0.29,2.968GB / 113.9MB,20.48kB / 7.852MB
2026-04-01 12:43:53,62,62.80,96.32MB,34068.5,0.29,2.979GB / 114.3MB,20.48kB / 7.852MB
2026-04-01 12:44:05,62,62.82,97.1MB,34068.5,0.29,2.989GB / 114.7MB,20.48kB / 7.852MB
2026-04-01 12:44:17,62,62.85,95.6MB,34068.5,0.29,2.999GB / 115.1MB,20.48kB / 7.852MB
2026-04-01 12:44:29,62,62.86,95.55MB,34068.5,0.29,3.01GB / 115.5MB,20.48kB / 7.852MB
2026-04-01 12:44:41,62,62.88,95.14MB,34068.5,0.29,3.02GB / 115.8MB,20.48kB / 7.852MB
2026-04-01 12:44:53,63,62.91,95.8MB,34068.5,0.29,3.03GB / 116.2MB,20.48kB / 7.852MB
2026-04-01 12:45:05,63,62.93,96.55MB,34068.5,0.29,3.041GB / 116.6MB,20.48kB / 7.852MB
2026-04-01 12:45:17,63,62.95,95.87MB,34068.5,0.29,3.051GB / 117MB,20.48kB / 7.852MB
2026-04-01 12:45:29,63,62.97,95.81MB,34068.5,0.29,3.061GB / 117.4MB,24.58kB / 7.852MB
2026-04-01 12:45:41,63,62.99,95.76MB,34068.5,0.29,3.072GB / 117.8MB,28.67kB / 7.852MB
2026-04-01 12:45:53,64,63.02,95.74MB,34068.5,0.29,3.082GB / 118.2MB,28.67kB / 7.852MB
2026-04-01 12:46:05,64,63.05,95.42MB,34068.5,0.29,3.093GB / 118.6MB,32.77kB / 7.852MB
2026-04-01 12:46:17,64,63.08,96.21MB,34068.5,0.29,3.103GB / 119MB,32.77kB / 7.852MB
2026-04-01 12:46:29,64,63.09,95.56MB,34068.5,0.29,3.113GB / 119.4MB,32.77kB / 7.852MB
2026-04-01 12:46:41,64,63.12,94.87MB,34068.5,0.29,3.124GB / 119.8MB,32.77kB / 7.852MB
2026-04-01 12:46:53,65,62.93,94.87MB,34068.5,0.29,3.124GB / 119.8MB,32.77kB / 7.852MB
2026-04-01 12:47:04,65,62.74,95.13MB,34068.5,0.29,3.124GB / 119.8MB,32.77kB / 7.852MB
2026-04-01 12:47:16,65,62.56,95.12MB,34068.5,0.29,3.124GB / 119.8MB,32.77kB / 7.852MB
